1.000000000000000e-05  5.738326898111806e-02  7.409934064379824e-02  6.571263001966754e-02  7.573722714409963e-02  1.365422112436724e-06  -3.118077852471700e-07  6.664975754429918e-02  -7.372580972399256e-02  4.276466126001725e-02  -9.802175770243870e-03
5.000997500000001e-02  5.749450281705441e-02  7.407854449474510e-02  6.581398881499649e-02  7.571863694631077e-02  5.725952640421148e-04  -1.309627311978073e-04  6.663960622412915e-02  -7.376787683528359e-02  4.276466126001725e-02  -9.802175770243870e-03
1.000099500000000e-01  5.777105212851167e-02  7.396328649922659e-02  6.605441073003150e-02  7.560949160412826e-02  1.138219323486979e-03  -2.611764782121699e-04  6.660922737691259e-02  -7.389354436742150e-02  4.240923041342532e-02  -9.762698446848241e-03
1.500099250000000e-01  5.822832888806518e-02  7.377079146073874e-02  6.645175147879559e-02  7.542715509750532e-02  1.689120974989353e-03  -3.896774901121366e-04  6.655882154674286e-02  -7.410131902357620e-02  4.165279405211801e-02  -9.674900246174076e-03
2.000099000000000e-01  5.886195656215859e-02  7.350396490685961e-02  6.700276404991053e-02  7.517447004878917e-02  2.218430015711644e-03  -5.156327598012958e-04  6.648872161494258e-02  -7.438873496029144e-02  4.061010776410204e-02  -9.551550180729947e-03
2.500098750000000e-01  5.966538133785408e-02  7.316581750684324e-02  6.770224545547998e-02  7.485435786190681e-02  2.719608872012004e-03  -6.381941430690916e-04  6.639939078656244e-02  -7.475238770062982e-02  3.929751028090139e-02  -9.392617115745390e-03
3.000098500000000e-01  6.063027871348470e-02  7.275998258353028e-02  6.854351513450752e-02  7.447033766785720e-02  3.186629192720196e-03  -7.565068603069017e-04  6.629141976754413e-02  -7.518798089497392e-02  3.773528261635815e-02  -9.198030220684226e-03
3.500098250000000e-01  6.174667658625960e-02  7.229074529221867e-02  6.951850634853166e-02  7.402655359219537e-02  3.614081321752967e-03  -8.697150966429638e-04  6.616552312939160e-02  -7.569038522675037e-02  3.594704050231207e-02  -8.967830169407809e-03
4.000098000000000e-01  6.300305858645927e-02  7.176297985073345e-02  7.061782307143598e-02  7.352771100307766e-02  3.997260672060575e-03  -9.769670589533310e-04  6.602253485850579e-02  -7.625370857888854e-02  3.395918270622829e-02  -8.702231715633616e-03
4.500097749999999e-01  6.438648676587039e-02  7.118207157270880e-02  7.183081000159751e-02  7.297899780414371e-02  4.332234208387904e-03  -1.077421968116767e-03  6.586340308846252e-02  -7.687137640945889e-02  3.180027717993195e-02  -8.401695742649857e-03
5.000097499999999e-01  6.588274089829246e-02  7.055383180160396e-02  7.314563714896358e-02  7.238599893236958e-02  4.615886935062798e-03  -1.170258815219071e-03  6.568918401564638e-02  -7.753622113426377e-02  2.950041574823794e-02  -8.066991838831273e-03
5.500097250000000e-01  6.747647227070125e-02  6.988440937716230e-02  7.454939945435808e-02  7.175460778477823e-02  4.845948440580606e-03  -1.254686828343932e-03  6.550103500185481e-02  -7.824057918254838e-02  2.709056593304633e-02  -7.699253396477501e-03
6.000097000000000e-01  6.915137036807420e-02  6.918020126026857e-02  7.602823185174584e-02  7.109093729458613e-02  5.021000095543858e-03  -1.329957318509134e-03  6.530020687186423e-02  -7.897639428152385e-02  2.460194270627688e-02  -7.300020975175480e-03
6.500096750000000e-01  7.089034106108358e-02  6.844776448357077e-02  7.756743999806269e-02  7.040123290860421e-02  5.140464068484451e-03  -1.395376496719741e-03  6.508803541950520e-02  -7.973532543773551e-02  2.206541905718449e-02  -6.871271781864144e-03
7.000096499999999e-01  7.267569498571631e-02  6.769373124990963e-02  7.915164659605679e-02  6.969178935224028e-02  5.204575818856016e-03  -1.450318777066302e-03  6.486593214255759e-02  -8.050885801981582e-02  1.951099055769969e-02  -6.415433510760501e-03
7.500096250000000e-01  7.448934480035919e-02  6.692472866651342e-02  8.076495284821440e-02  6.896887270809458e-02  5.214342113004273e-03  -1.494240047102598e-03  6.463537423468306e-02  -8.128841630873701e-02  1.696730531095600e-02  -5.935381777596333e-03
8.000096000000001e-01  7.631300992680767e-02  6.614730426521255e-02  8.239111412472774e-02  6.823864896629157e-02  5.171486874550955e-03  -1.526690382083365e-03  6.439789387158909e-02  -8.206547586887782e-02  1.446126685018560e-02  -5.434421243159791e-03
8.500095750000002e-01  7.812842722538149e-02  6.536785812497888e-02  8.401372842194878e-02  6.750711983895093e-02  5.078387324633263e-03  -1.547325704507884e-03  6.415506683854383e-02  -8.283167410610312e-02  1.201771387605667e-02  -4.916251344295676e-03
9.000095500000003e-01  7.991756582154390e-02  6.459258209493722e-02  8.561643564636048e-02  6.678006628172922e-02  4.938002896968570e-03  -1.555917939828465e-03  6.390850055708198e-02  -8.357891741734400e-02  9.659177333736824e-03  -4.384918243281676e-03
9.500095250000002e-01  8.166284399957674e-02  6.382740632503656e-02  8.718312520153487e-02  6.606299984558406e-02  4.753799340331359e-03  -1.552363288121511e-03  6.365982158004972e-02  -8.429948339909420e-02  7.405712357011508e-03  -3.844755145885677e-03
1.000009500000000e+00  8.334734572389069e-02  6.307795305683775e-02  8.869814880399236e-02  6.536112170263753e-02  4.529670262808361e-03  -1.536688313999817e-03  6.341066263582931e-02  -8.498611666870572e-02  5.274800125974235e-03  -3.300313504012313e-03
1.050009475000000e+00  8.495503396479764e-02  6.234949741461385e-02  9.014653493419127e-02  6.467928895889069e-02  4.269858146110083e-03  -1.509053646977424e-03  6.316264931438874e-02  -8.563211696083713e-02  3.281312738939179e-03  -2.756287809137166e-03
1.100009450000000e+00  8.647095762460601e-02  6.164693477072620e-02  9.151420087018163e-02  6.402198768804346e-02  3.978876582830727e-03  -1.469755176066399e-03  6.291738649947758e-02  -8.623141829003850e-02  1.437532797467042e-03  -2.217436708658761e-03
1.150009425000001e+00  8.788144851834226e-02  6.097475414020720e-02  9.278815788494611e-02  6.339331199635591e-02  3.661435183035920e-03  -1.419222710468930e-03  6.267644466249893e-02  -8.677865811706521e-02  -2.467814703324231e-04  -1.688503060822279e-03
1.200009400000001e+00  8.917430459998478e-02  6.033701698683520e-02  9.395670494545587e-02  6.279694835735798e-02  3.322368275991905e-03  -1.358016158695881e-03  6.244134614409411e-02  -8.726923561860463e-02  -1.764295102723585e-03  -1.174135314411139e-03
1.250009375000001e+00  9.033895547726957e-02  5.973734079425534e-02  9.500960616097638e-02  6.223616443413230e-02  2.966568213755425e-03  -1.286819348325875e-03  6.221355155892735e-02  -8.769935833504017e-02  -3.109968799253567e-03  -6.788122904771676e-04
1.300009350000000e+00  9.136660625837971e-02  5.917888676706086e-02  9.593824731390566e-02  6.171380163098183e-02  2.598923779428340e-03  -1.206431666165835e-03  6.199444646728500e-02  -8.806607665566718e-02  -4.280913839067791e-03  -2.067730891750239e-04
1.350009325000000e+00  9.225035594623554e-02  5.866435107326912e-02  9.673576708405197e-02  6.123227067930739e-02  2.224263925889518e-03  -1.117757743190646e-03  6.178532846361807e-02  -8.836730579248214e-02  -5.276237741257269e-03  2.380465229414574e-04
1.400009300000000e+00  9.298528695336314e-02  5.819595911545449e-02  9.739715905170943e-02  6.079354965721853e-02  1.847306830440344e-03  -1.021795440732254e-03  6.158739483677673e-02  -8.860183508906382e-02  -6.096887804799603e-03  6.520702441334820e-04
1.450009275000000e+00  9.356852285173392e-02  5.777546241635736e-02  9.791934122867516e-02  6.039918396087549e-02  1.472614054598320e-03  -9.196224151367960e-04  6.140173095919445e-02  -8.876932470703161e-02  -6.745498369309159e-03  1.032129206906728e-03
1.500009250000000e+00  9.399925218263779e-02  5.740413781895151e-02  9.830119069877129e-02  6.005028787955403e-02  1.104549451583922e-03  -8.123815491953930e-04  6.122929956242819e-02  -8.887028992591636e-02  -7.226246192135320e-03  1.375501379845382e-03
1.550009225000000e+00  9.427871700303411e-02  5.708278882327588e-02  9.854354191717718e-02  5.974754756764186e-02  7.472423698818336e-04  -7.012655419889815e-04  6.107093105412662e-02  -8.890607347991340e-02  -7.544716811364554e-03  1.679942219229313e-03
1.600009200000000e+00  9.441016579674009e-02  5.681174900529568e-02  9.864914827689426e-02  5.949122534716238e-02  4.045546602063976e-04  -5.875009462454352e-04  6.092731502649006e-02  -8.887880653393941e-02  -7.707783229525831e-03  1.943706561540190e-03
1.650009175000000e+00  9.439877138262381e-02  5.659088757932727e-02  9.862260764924281e-02  5.928116540642954e-02  8.005100336180871e-05  -4.723319355158249e-04  6.079899309856802e-02  -8.879135906884483e-02  -7.723496781933858e-03  2.165561879511554e-03
1.700009150000000e+00  9.425151545469193e-02  5.641961726830419e-02  9.847025368804696e-02  5.911680107726572e-02  -2.230278665244279e-04  -3.570040736689318e-04  6.068635322425876e-02  -8.864728059896151e-02  -7.600988718013138e-03  2.344793124637666e-03
1.750009125000000e+00  9.397704233774706e-02  5.629690472931984e-02  9.820001569938365e-02  5.899716396899953e-02  -5.017893718511206e-04  -2.427483471416814e-04  6.058962558464261e-02  -8.845073228202341e-02  -7.350379890507890e-03  2.481199460436267e-03
1.800009100000000e+00  9.358548538885164e-02  5.622128384043495e-02  9.782125077078277e-02  5.892089530744298e-02  -7.537109346643502e-04  -1.307657063659518e-04  6.050888016738953e-02  -8.820641159983107e-02  -6.982695074828799e-03  2.575083265120081e-03
1.850009075000000e+00  9.308827017919154e-02  5.619087218493092e-02  9.734455258464297e-02  5.888625986770629e-02  -9.766595043737821e-04  -2.221234672501948e-05  6.044402611755909e-02  -8.791947088611482e-02  -6.509777875360603e-03  2.627231859203859e-03
1.900009050000000e+00  9.249789912423259e-02  5.620339106870043e-02  9.678154188100906e-02  5.889116289883405e-02  -1.168908663744341e-03  8.181405908204110e-05  6.039481292333138e-02  -8.759543105447162e-02  -5.944201948077133e-03  2.638892498812356e-03
1.950009024999999e+00  9.182772257605817e-02  5.625618937451457e-02  9.614464386851214e-02  5.893317041502310e-02  -1.329153052807371e-03  1.802869867312391e-04  6.036083347733297e-02  -8.724009193303313e-02  -5.299174391460479e-03  2.611741270500375e-03
2.000008999999999e+00  9.109170154706228e-02  5.634627149428924e-02  9.544685800637687e-02  5.900953317320587e-02  -1.456519712153750e-03  2.722623780794078e-04  6.034152902953178e-02  -8.685944064299943e-02  -4.588427622408322e-03  2.547846625198083e-03
2.050008974999999e+00  9.030416720714073e-02  5.647032948956222e-02  9.470152550462387e-02  5.911721457207542e-02  -1.550575836104135e-03  3.568885131558561e-04  6.033619602151540e-02  -8.645955946513162e-02  -3.826096831804760e-03  2.449628390476764e-03
2.100008949999999e+00  8.947958210539347e-02  5.662477951502578e-02  9.392209963421042e-02  5.925292259660695e-02  -1.611332352253995e-03  4.334143296500812e-04  6.034399476471621e-02  -8.604653462187864e-02  -3.026581157379343e-03  2.319813191900062e-03
2.150008924999999e+00  8.863230773755859e-02  5.680580240530984e-02  9.312192353216578e-02  5.941314579953358e-02  -1.639242714366903e-03  5.011961170695125e-04  6.036395989723439e-02  -8.562636736357786e-02  -2.204387953839149e-03  2.161387284699431e-03
2.200008899999999e+00  8.777638264170790e-02  5.700938817758112e-02  9.231401966227257e-02  5.959419316300067e-02  -1.635196315268043e-03  5.597025482091991e-04  6.039501252577704e-02  -8.520488868600834e-02  -1.373960902977581e-03  1.977547835699691e-03
2.250008874999999e+00  8.692531468845302e-02  5.723138404906077e-02  9.151089448529089e-02  5.979223752668417e-02  -1.600505996865984e-03  6.085180462674833e-04  6.043597393134898e-02  -8.478767892479556e-02  -5.494941016760946e-04  1.771653693687986e-03
2.300008849999999e+00  8.609189066841326e-02  5.746754541695836e-02  9.072436123956752e-02  6.000336211068407e-02  -1.536889253997117e-03  6.473445202377787e-04  6.048558069019686e-02  -8.437999337133742e-02  2.552643978049820e-04  1.547176639092193e-03
2.350008824999999e+00  8.528800569653212e-02  5.771358910641208e-02  8.996538306607033e-02  6.022360951053284e-02  -1.446442892478627e-03  6.760015324028177e-04  6.054250103560573e-02  -8.398669493698381e-02  1.027214931843206e-03  1.307654010152548e-03
2.400008799999998e+00  8.452451437337874e-02  5.796524806739459e-02  8.924393806026563e-02  6.044903240570052e-02  -1.331611101608420e-03  6.944249882492388e-04  6.060535226195864e-02  -8.361219475929012e-02  1.754108829231987e-03  1.056643466785395e-03
2.450008774999998e+00  8.381110508640223e-02  5.821832660108667e-02  8.856890722043137e-02  6.067574510953708e-02  -1.195147126866991e-03  7.026644595780441e-04  6.067271895049093e-02  -8.326040149871664e-02  2.424744983444223e-03  7.976804836897335e-04
2.500008749999998e+00  8.315619831280099e-02  5.846875512570415e-02  8.794798570585602e-02  6.089997500419485e-02  -1.040068967373055e-03  7.008792651131071e-04  6.074317177683126e-02  -8.293467991870605e-02  3.029153777813356e-03  5.342389733786374e-04
2.550008724999999e+00  8.256686930914930e-02  5.871264345546617e-02  8.738761733094373e-02  6.111811285381914e-02  -8.696097612391334e-04  6.893334391503075e-04  6.081528664416487e-02  -8.263781917938687e-02  3.558761792151609e-03  2.696952426770321e-04
2.600008699999999e+00  8.204879514603616e-02  5.894633156677177e-02  8.689295180901772e-02  6.132676097645995e-02  -6.871637466638323e-04  6.683897179832897e-04  6.088766387304578e-02  -8.237201110801677e-02  4.006531133647657e-03  7.295298698359876e-06
2.650008674999999e+00  8.160622567025851e-02  5.916643686316050e-02  8.646782392404577e-02  6.152277828094464e-02  -4.962288843673963e-04  6.385026668111174e-04  6.095894716987744e-02  -8.213883854055933e-02  4.367067996913095e-03  -2.498746424829066e-04
2.700008649999999e+00  8.124197765162622e-02  5.936989702364261e-02  8.611475354680277e-02  6.170332123834062e-02  -3.003473863624314e-04  6.002110579098329e-04  6.102784209113463e-02  -8.193927366130736e-02  4.636696122404835e-03  -4.989147165401118e-04
2.750008625000000e+00  8.095745109348153e-02  5.955400762387798e-02  8.583496521787776e-02  6.186587995544472e-02  -1.030455078970553e-04  5.541295957472347e-04  6.109313371975478e-02  -8.177368610405406e-02  4.813492124274466e-03  -7.371353917364097e-04
2.800008600000000e+00  8.075266645184603e-02  5.971645385108739e-02  8.562842588465065e-02  6.200830864481532e-02  9.222598254437276e-05  5.009400683663832e-04  6.115370327391133e-02  -8.164186042159409e-02  4.897281118480951e-03  -9.620792481004084e-04
2.850008575000000e+00  8.062632131330530e-02  5.985533578474095e-02  8.549389929245285e-02  6.212884993547407e-02  2.821492390354008e-04  4.413819887180712e-04  6.120854337669396e-02  -8.154302238292860e-02  4.889592611653962e-03  -1.171540909596608e-03
2.900008550000000e+00  8.057586492174491e-02  5.996918687833319e-02  8.542901548034404e-02  6.222615263270904e-02  4.635933187672990e-04  3.762427764943958e-04  6.125677172804959e-02  -8.147587342172524e-02  4.793578120642025e-03  -1.363585414314389e-03
2.950008525000000e+00  8.059758881427161e-02  6.005698544491529e-02  8.543035380800441e-02  6.229928270604185e-02  6.336634541729937e-04  3.063475219018991e-04  6.129764293761789e-02  -8.143863243753059e-02  4.613893396526736e-03  -1.536565200828640e-03
3.000008500000000e+00  8.068673172265850e-02  6.011815911270976e-02  8.549353793152613e-02  6.234772745308194e-02  7.897445173799750e-04  2.325483687762223e-04  6.133055829866987e-02  -8.142908404477368e-02  4.356549350462205e-03  -1.689135756558792e-03
3.050008475000001e+00  8.083759681426411e-02  6.015258237001517e-02  8.561334114299546e-02  6.237139294602970e-02  9.295377689542833e-04  1.557135560348128e-04  6.135507330900333e-02  -8.144463227532518e-02  4.028736762963697e-03  -1.820269829592681e-03
3.100008450000001e+00  8.104367928173728e-02  6.016056745482717e-02  8.578380048396014e-02  6.237059501048783e-02  1.051090200789048e-03  7.671616371140483e-05  6.137090277404961e-02  -8.148235866954250e-02  3.638630563170082e-03  -1.929269962768744e-03
3.150008425000001e+00  8.129780224052563e-02  6.014284895977524e-02  8.599833803047476e-02  6.234604410799235e-02  1.152816016192685e-03  -3.577377766894207e-06  6.137792336024509e-02  -8.153908363926766e-02  3.195179870712632e-03  -2.015778980583065e-03
3.200008400000001e+00  8.159225885441063e-02  6.010056261442189e-02  8.624988772392211e-02  6.229882459102196e-02  1.233510027307494e-03  -8.431893972883292e-05  6.137617350245445e-02  -8.161142995472850e-02  2.707890101159265e-03  -2.079787956472966e-03
3.250008375000002e+00  8.191895857990664e-02  6.003521877375545e-02  8.653102608607002e-02  6.223036887075514e-02  1.292352980182399e-03  -1.646904138286615e-04  6.136585060741608e-02  -8.169588719597635e-02  2.186603266242476e-03  -2.121641118264699e-03
3.300008350000001e+00  8.226957539921985e-02  5.994867118455157e-02  8.683410510998038e-02  6.214242708385305e-02  1.328909031682950e-03  -2.439153808111197e-04  6.134730553524934e-02  -8.178887601823720e-02  1.641282187495637e-03  -2.142037117976905e-03
3.350008325000002e+00  8.263569589852575e-02  5.984308162235311e-02  8.715138556378084e-02  6.203703286695927e-02  1.343115792276455e-03  -3.212705920292405e-04  6.132103438241511e-02  -8.188681110892652e-02  1.081803733374878e-03  -2.142026100504217e-03
3.400008300000002e+00  8.300896504480254e-02  5.972088099444574e-02  8.747516888723479e-02  6.191646584961771e-02  1.335267508992102e-03  -3.960971065725073e-04  6.128766763153545e-02  -8.198616176127564e-02  5.177654394542800e-04  -2.123002052830410e-03
3.450008275000002e+00  8.338122752289047e-02  5.958472749250811e-02  8.779792580844931e-02  6.178321146203489e-02  1.305992090148985e-03  -4.678109100659529e-04  6.124795677547233e-02  -8.208350905444070e-02  -4.169096440236042e-05  -2.086689997768404e-03
3.500008250000002e+00  8.374466251863426e-02  5.943746235713287e-02  8.811241976812074e-02  6.163991862821565e-02  1.256222766569943e-03  -5.359128284860583e-04  6.120275856438878e-02  -8.217559871123244e-02  -5.880364615497222e-04  -2.035127708443230e-03
3.550008225000003e+00  8.409190987879721e-02  5.928206378973511e-02  8.841182322035747e-02  6.148935588228590e-02  1.187165243753866e-03  -5.999975426328658e-04  6.115301706447566e-02  -8.225938880054580e-02  -1.113490277429684e-03  -1.970641755339049e-03
3.600008200000003e+00  8.441618564955536e-02  5.912159951978400e-02  8.868982489140059e-02  6.133436641088942e-02  1.100261228372409e-03  -6.597615068479149e-04  6.109974375495745e-02  -8.233209156031825e-02  -1.611132998224634e-03  -1.895817849748123e-03
3.650008175000003e+00  8.471138509870832e-02  5.895917851051979e-02  8.894072612909538e-02  6.117782249147642e-02  9.971492143357600e-04  -7.150095795477113e-04  6.104399592525529e-02  -8.239120873630165e-02  -2.074996933015400e-03  -1.813465608970487e-03
3.700008150000003e+00  8.497217146791743e-02  5.879790226725001e-02  8.915952457418456e-02  6.102257976839461e-02  8.796233933104383e-04  -7.656601832668344e-04  6.098685366614758e-02  -8.243455995988154e-02  -2.500133939478949e-03  -1.726578033134146e-03
3.750008125000003e+00  8.519404888498604e-02  5.864081620088366e-02  8.934198353504241e-02  6.087143178829398e-02  7.495915172392788e-04  -8.117488280585898e-04  6.092939577687370e-02  -8.246030382225843e-02  -2.882661368925294e-03  -1.638286145242781e-03
3.800008100000003e+00  8.537341809552407e-02  5.849086149643037e-02  8.948468565354976e-02  6.072706520475518e-02  6.090324914584473e-04  -8.534298539734920e-04  6.087267493383950e-02  -8.246695144007730e-02  -3.219787090706919e-03  -1.551809399975341e-03
3.850008075000004e+00  8.550761394918237e-02  5.835082794157404e-02  8.958506971170764e-02  6.059201605945515e-02  4.599544214718510e-04  -8.909762754521235e-04  6.081769248545266e-02  -8.245337244664676e-02  -3.509814737430823e-03  -1.470402608558824e-03
3.900008050000004e+00  8.559492389622812e-02  5.822330818291065e-02  8.964144974330299e-02  6.046862755274877e-02  3.043537787377361e-04  -9.247776422196064e-04  6.076537325124979e-02  -8.241879348072458e-02  -3.752130387932516e-03  -1.397300253021766e-03
3.950008025000004e+00  8.563458711082512e-02  5.811065389491397e-02  8.965301597606337e-02  6.035900972849080e-02  1.441762944534875e-04  -9.553358669300714e-04  6.071654071157274e-02  -8.236278937912897e-02  -3.947171898106222e-03  -1.335659170084479e-03
4.000008000000005e+00  8.562677425024626e-02  5.801493436630757e-02  8.961981752755142e-02  6.026500151367400e-02  -1.871986228469469e-05  -9.832590085588251e-04  6.067189297637105e-02  -8.228526740785477e-02  -4.096382028351610e-03  -1.288500669957047e-03
4.050007975000004e+00  8.557254827383200e-02  5.793789802689516e-02  8.954272719989799e-02  6.018813556984987e-02  -1.825981131851049e-04  -1.009253041465798e-03  6.063197991814048e-02  -8.218644498675827e-02  -4.202146430713132e-03  -1.258653215761637e-03
4.100007950000005e+00  8.547380716892948e-02  5.788093745135650e-02  8.942338914937402e-02  6.012960642679725e-02  -3.458742401459409e-04  -1.034111682165584e-03  6.059718184447813e-02  -8.206682147329257e-02  -4.267717478690879e-03  -1.248696822807653e-03
4.150007925000005e+00  8.533320984876069e-02  5.784505838132364e-02  8.926415063028589e-02  6.009024237585629e-02  -5.071434677691472e-04  -1.058704388076837e-03  6.056769007034354e-02  -8.192714466937887e-02  -4.297124875606766e-03  -1.260910341532545e-03
4.200007900000005e+00  8.515408688382059e-02  5.783085329970681e-02  8.906797941177806e-02  6.007048159722502e-02  -6.652034681533907e-04  -1.083962683775302e-03  6.054348972896589e-02  -8.176837280080079e-02  -4.295073985983290e-03  -1.297222762146261e-03
4.250007875000005e+00  8.494033808882193e-02  5.783848006869714e-02  8.883836882443816e-02  6.007035297918419e-02  -8.190729346382529e-04  -1.110865009401693e-03  6.052434513370498e-02  -8.159163278918043e-02  -4.266832914620782e-03  -1.359169622239840e-03
4.300007850000005e+00  8.469631929730599e-02  5.786764610279659e-02  8.857923269634228e-02  6.008946205513020e-02  -9.680054126539079e-04  -1.140420321747398e-03  6.050978797138858e-02  -8.139817569161709e-02  -4.218109517779363e-03  -1.447855511240983e-03
4.350007825000006e+00  8.442672090378711e-02  5.791759848918412e-02  8.829479267315121e-02  6.012698243474912e-02  -1.111498124476565e-03  -1.173650710079219e-03  6.049910857112388e-02  -8.118933022174171e-02  -4.154919769150500e-03  -1.563923549428696e-03
4.400007800000006e+00  8.413644093180100e-02  5.798712039099033e-02  8.798946057749540e-02  6.018165303949671e-02  -1.249295583423041e-03  -1.211573315005144e-03  6.049135045182637e-02  -8.096645528778368e-02  -4.083449209599638e-03  -1.707532577234523e-03
4.450007775000006e+00  8.383045547976919e-02  5.807453396883020e-02  8.766771853488749e-02  6.025178136379301e-02  -1.381387864082935e-03  -1.255181858800573e-03  6.048530830730988e-02  -8.073089248816624e-02  -4.009909714667840e-03  -1.878342413793660e-03
4.500007750000006e+00  8.351368946311914e-02  5.817770992951975e-02  8.733399963695120e-02  6.033525286795550e-02  -1.508003491892396e-03  -1.305428091933498e-03  6.047952954035984e-02  -8.048391949329593e-02  -3.940393288681514e-03  -2.075508632698191e-03
4.550007725000007e+00  8.319089018316471e-02  5.829408376049186e-02  8.699257149382390e-02  6.042954657344653e-02  -1.629596941082646e-03  -1.363203569018875e-03  6.047231940748142e-02  -8.022670521402601e-02  -3.880727000159547e-03  -2.297685161560438e-03
4.600007700000007e+00  8.286650703019822e-02  5.842067838116445e-02  8.664742579362299e-02  6.053175660477440e-02  -1.746831019332917e-03  -1.429321908644458e-03  6.046174978470827e-02  -7.996026761352504e-02  -3.836331591151834e-03  -2.543035725022328e-03
4.650007675000007e+00  8.254457913368345e-02  5.855413309166653e-02  8.630217545936784e-02  6.063861959385592e-02  -1.860554305274550e-03  -1.504502029584967e-03  6.044567151274209e-02  -7.968543496093400e-02  -3.812086299677098e-03  -2.809255108017359e-03
4.700007650000007e+00  8.222863350703430e-02  5.869073829540648e-02  8.595996172571685e-02  6.074654745855317e-02  -1.971774101830554e-03  -1.589352579362866e-03  6.042173022757132e-02  -7.940281125350762e-02  -3.812204739694963e-03  -3.093597874820809e-03
4.750007625000007e+00  8.192159553826878e-02  5.882647547748655e-02  8.562337275265608e-02  6.085166508194392e-02  -2.081625429554583e-03  -1.684357855070669e-03  6.038738553137543e-02  -7.911274645034484e-02  -3.840124646243248e-03  -3.392915126026577e-03
4.800007600000008e+00  8.162571340413122e-02  5.895706177609266e-02  8.529437512596241e-02  6.094985227882493e-02  -2.191336717937985e-03  -1.789865472294290e-03  6.033993330875916e-02  -7.881531206697429e-02  -3.898414966941851e-03  -3.703698406460381e-03
4.850007575000007e+00  8.134249762269866e-02  5.907799838277006e-02  8.497425924824618e-02  6.103678933832465e-02  -2.302192964612484e-03  -1.906076006797323e-03  6.027653094594673e-02  -7.851028257774398e-02  -3.988703320489092e-03  -4.022129972142185e-03
4.900007550000008e+00  8.107267659599969e-02  5.918462193499426e-02  8.466359928822388e-02  6.110800536093319e-02  -2.415497227417423e-03  -2.033034798799031e-03  6.019422516624134e-02  -7.819712296411922e-02  -4.111626362705524e-03  -4.344138523803007e-03
4.950007525000008e+00  8.081616863139604e-02  5.927215801738469e-02  8.436222803104854e-02  6.115892856191091e-02  -2.532531386803104e-03  -2.170626072088889e-03  6.008998215452245e-02  -7.787498263357912e-02  -4.266804978260562e-03  -4.665459435584874e-03
5.000007500000008e+00  8.057207058071980e-02  5.933577587001047e-02  8.406922666987768e-02  6.118493769482237e-02  -2.654517161245024e-03  -2.318569480684316e-03  5.996071960744000e-02  -7.754269581789631e-02  -4.452845476835271e-03  -4.981698449073734e-03
5.050007475000008e+00  8.033866290760125e-02  5.937064341395645e-02  8.378292930447302e-02  6.118141375958173e-02  -2.782578372747359e-03  -2.476419155004757e-03  5.980334031486354e-02  -7.719878844324796e-02  -4.667367150204480e-03  -5.288397763062835e-03
5.100007450000009e+00  8.011343069237217e-02  5.937198174447800e-02  8.350094167014277e-02  6.114379119794625e-02  -2.917705441113259e-03  -2.643565278264258e-03  5.961476685253944e-02  -7.684149134984444e-02  -4.907055681267154e-03  -5.581103426511844e-03
5.150007425000008e+00  7.989309981479085e-02  5.933511830791149e-02  8.322017341108609e-02  6.106760784328789e-02  -3.060723034098641e-03  -2.819238182555667e-03  5.939197694622506e-02  -7.646875962759919e-02  -5.167741030219828e-03  -5.855432934500514e-03
5.200007400000008e+00  7.967368732018409e-02  5.925553806586816e-02  8.293688303551847e-02  6.094855297667320e-02  -3.212261717172440e-03  -3.002514913435540e-03  5.913203905412578e-02  -7.607829772863751e-02  -5.444497599749500e-03  -6.107141933647695e-03
5.250007375000009e+00  7.945056477535763e-02  5.912893205382301e-02  8.264673454359338e-02  6.078251294252760e-02  -3.372734334308127e-03  -3.192328172216552e-03  5.883214770748235e-02  -7.566758991893863e-02  -5.731763740431866e-03  -6.332188964309135e-03
5.300007350000008e+00  7.921853325631013e-02  5.895124285494380e-02  8.234486459974573e-02  6.056561388834990e-02  -3.542317714372203e-03  -3.387477507136523e-03  5.848965814878305e-02  -7.523393554171932e-02  -6.023477034256899e-03  -6.526797202440216e-03
5.350007325000009e+00  7.897190847880861e-02  5.871870662742081e-02  8.202595902472447e-02  6.029426130750506e-02  -3.720940141741179e-03  -3.586642588635038e-03  5.810211981330857e-02  -7.477448848571595e-02  -6.313221315884573e-03  -6.687512215364192e-03
5.400007300000009e+00  7.870461448289622e-02  5.842789143821137e-02  8.168433730522126e-02  5.996517617548713e-02  -3.908274861068420e-03  -3.788398370710429e-03  5.766730821250494e-02  -7.428630018353902e-02  -6.594381076774346e-03  -6.811254814042325e-03
5.450007275000010e+00  7.841028421060614e-02  5.807573176198476e-02  8.131404375693431e-02  5.957542757203331e-02  -4.103739711384472e-03  -3.991231910376108e-03  5.718325479682036e-02  -7.376636540975046e-02  -6.860298756404234e-03  -6.895368170750370e-03
5.500007250000010e+00  7.808236526963143e-02  5.765955909589165e-02  8.090894392711137e-02  5.912246176871933e-02  -4.306502810779934e-03  -4.193560591233730e-03  5.664827440086307e-02  -7.321167010601985e-02  -7.104430457886861e-03  -6.937658475570553e-03
5.550007225000010e+00  7.771422915165352e-02  5.717712871441218e-02  8.046282478298522e-02  5.860412782990678e-02  -4.515494046355107e-03  -4.393751475766755e-03  5.606098990466796e-02  -7.261924043218101e-02  -7.320495824271692e-03  -6.936428526966811e-03
5.600007200000010e+00  7.729928217002313e-02  5.662664264105562e-02  7.996949720198726e-02  5.801869982124489e-02  -4.729421970916599e-03  -4.590141494704828e-03  5.542035378103304e-02  -7.198619222749927e-02  -7.502618161008091e-03  -6.890503788715758e-03
5.650007175000010e+00  7.683107639552543e-02  5.600676894360310e-02  7.942289925815446e-02  5.736489574292559e-02  -4.946795573219206e-03  -4.781058171171218e-03  5.472566623975751e-02  -7.130978006600705e-02  -7.645451367516531e-03  -6.799250593942207e-03
5.700007150000010e+00  7.630341889959506e-02  5.531665746686672e-02  7.881719878762750e-02  5.664189330467390e-02  -5.165950276523234e-03  -4.964840572581790e-03  5.397658972457269e-02  -7.058744510315289e-02  -7.744290819916092e-03  -6.662586331878579e-03
5.750007125000010e+00  7.571047766061612e-02  5.455595210295134e-02  7.814689371616956e-02  5.584934263762246e-02  -5.385077433831602e-03  -5.139860184469067e-03  5.317315956692339e-02  -6.981686093777432e-02  -7.795165997866628e-03  -6.480981608048932e-03
5.800007100000011e+00  7.504688255031547e-02  5.372479966643585e-02  7.740690864528843e-02  5.498737599773235e-02  -5.602256529120148e-03  -5.304541407357125e-03  5.231579065180219e-02  -6.899597675287142e-02  -7.794913339724399e-03  -6.255454517011249e-03
5.850007075000011e+00  7.430781989350867e-02  5.282385539454447e-02  7.659268622305306e-02  5.405661446040417e-02  -5.815489262658919e-03  -5.457381390039123e-03  5.140528000379835e-02  -6.812305704994615e-02  -7.741228510114305e-03  -5.987557301638008e-03
5.900007050000012e+00  7.348911918553459e-02  5.185428503499952e-02  7.570027187319270e-02  5.305817154141039e-02  -6.022734694411311e-03  -5.596968929380975e-03  5.044280525560424e-02  -6.719671735367939e-02  -7.632697942125866e-03  -5.679355787861798e-03
5.950007025000011e+00  7.258733065760489e-02  5.081776342224058e-02  7.472639052333740e-02  5.199365361095206e-02  -6.221944640639764e-03  -5.722002187147929e-03  4.942991901561464e-02  -6.621595533524237e-02  -7.468810144634109e-03  -5.333402073846047e-03
6.000007000000012e+00  7.159979250094248e-02  4.971646938188333e-02  7.366851406156825e-02  5.086515690151622e-02  -6.411098562402667e-03  -5.831304997234967e-03  4.836853920515120e-02  -6.518017688214224e-02  -7.249947819383914e-03  -4.952701014614689e-03
6.050006975000012e+00  7.052468669581359e-02  4.855307674960867e-02  7.252491836044266e-02  4.967526085234125e-02  -6.588237246950871e-03  -5.923841560928910e-03  4.726093548846167e-02  -6.408921672873408e-02  -6.977362292857355e-03  -4.540671076742115e-03
6.100006950000012e+00  6.936108254108028e-02  4.733074124989730e-02  7.129472883936584e-02  4.842701748948321e-02  -6.751494659883375e-03  -5.998729352343642e-03  4.610971196918978e-02  -6.294335335277956e-02  -6.653132120654767e-03  -4.101100145024657e-03
6.150006925000012e+00  6.810896714331133e-02  4.605308295746973e-02  6.997795368903717e-02  4.712393651596803e-02  -6.899127432711675e-03  -6.055250080015655e-03  4.491778637477684e-02  -6.174331793805678e-02  -6.280107959703578e-03  -3.638096849255828e-03
6.200006900000012e+00  6.676926230133384e-02  4.472416406453921e-02  6.857550405467318e-02  4.576996578575165e-02  -7.029541542540518e-03  -6.092858573163758e-03  4.368836599454502e-02  -6.049029729937380e-02  -5.861845925538086e-03  -3.156037952059126e-03
6.250006875000013e+00  6.534382741187138e-02  4.334846170359758e-02  6.708920066639952e-02  4.436946686156973e-02  -7.141315833423373e-03  -6.111189482003917e-03  4.242492067740026e-02  -5.918593076273554e-02  -5.402531664735609e-03  -2.659512307967731e-03
6.300006850000013e+00  6.383544822405238e-02  4.193083563073554e-02  6.552176661392205e-02  4.292718541233787e-02  -7.233222118583522e-03  -6.110061700889117e-03  4.113115323062785e-02  -5.783230108822736e-02  -4.906897289686549e-03  -2.153261880481255e-03
6.350006825000013e+00  6.224781148439536e-02  4.047649065925318e-02  6.387680618639856e-02  4.144821629118679e-02  -7.304241685805231e-03  -6.089480441474196e-03  3.981096759165936e-02  -5.643191961485560e-02  -4.380133163534921e-03  -1.642120298520816e-03
6.400006800000013e+00  6.058546573842705e-02  3.899093384667957e-02  6.215876993509880e-02  3.993796324949349e-02  -7.353578102505878e-03  -6.049636901550489e-03  3.846843516956458e-02  -5.498770589362571e-02  -3.827796311304905e-03  -1.130949455991660e-03
6.450006775000014e+00  5.885376878889323e-02  3.747992657762713e-02  6.037290636329379e-02  3.840209338269104e-02  -7.380666280955512e-03  -5.990905494934211e-03  3.710775977207224e-02  -5.350296215618862e-02  -3.255716995692448e-03  -6.245747146918838e-04
6.500006750000013e+00  5.705882255132287e-02  3.594943184565295e-02  5.852520090156763e-02  3.684648656575897e-02  -7.385177817573709e-03  -5.913838630278715e-03  3.573324154692754e-02  -5.198134304019772e-02  -2.669904760064679e-03  -1.277193641531560e-04
6.550006725000014e+00  5.520739629215387e-02  3.440555721320071e-02  5.662230308324405e-02  3.527718031398758e-02  -7.367022664017620e-03  -5.819159053355384e-03  3.434924037325037e-02  -5.042682105802034e-02  -2.076455032253675e-03  3.550608803073918e-04
6.600006700000014e+00  5.330683947802841e-02  3.285449411185764e-02  5.467144308864934e-02  3.370031069021914e-02  -7.326347223609807e-03  -5.707749799425957e-03  3.296013913923092e-02  -4.884364835171525e-02  -1.481457221697194e-03  8.194424060306838e-04
6.650006675000014e+00  5.136498570101364e-02  3.130245432638407e-02  5.268033907205319e-02  3.212205006440037e-02  -7.263528996946774e-03  -5.580641840580050e-03  3.157030733709016e-02  -4.723631532348348e-02  -8.909051436016280e-04  1.261396155776505e-03
6.700006650000015e+00  4.939004936568447e-02  2.975560467519403e-02  5.065709691368226e-02  3.054854270517898e-02  -7.179167928052476e-03  -5.438999557460408e-03  3.018406539489069e-02  -4.560950676659797e-02  -3.106105728857282e-04  1.677246740956423e-03
6.750006625000014e+00  4.739051702119726e-02  2.822000104680522e-02  4.861010424246405e-02  2.898583933633163e-02  -7.074074629968520e-03  -5.284104214973743e-03  2.880565014778265e-02  -4.396805614673880e-02  2.538792358414956e-04  2.063726816249972e-03
6.800006600000015e+00  4.537503538477968e-02  2.670152306620134e-02  4.654792074371510e-02  2.743983191316193e-02  -6.949255698603489e-03  -5.117335675844922e-03  2.743918182895446e-02  -4.231689869757070e-02  7.973591409386484e-04  2.418025229916660e-03
6.850006575000015e+00  4.335229822232095e-02  2.520581073806985e-02  4.447916689029748e-02  2.591618995669268e-02  -6.805896357672507e-03  -4.940152641820283e-03  2.608863293334511e-02  -4.066102399733590e-02  1.315037782002699e-03  2.737827446916774e-03
6.900006550000015e+00  4.133093431739566e-02  2.373820443826055e-02  4.241241330688038e-02  2.442029981911441e-02  -6.645340716321661e-03  -4.754071766833129e-03  2.475779927556094e-02  -3.900542868541221e-02  1.802602167286181e-03  3.021346810799836e-03
6.950006525000015e+00  3.931939876401458e-02  2.230368959572350e-02  4.035607298733834e-02  2.295720823736023e-02  -6.469069964063198e-03  -4.560646035871601e-03  2.345027352797488e-02  -3.735506995962949e-02  2.256273930337147e-03  3.267345375357058e-03
7.000006500000016e+00  3.732586975498048e-02  2.090684732271330e-02  3.831829852970815e-02  2.153157146040579e-02  -6.278678873266291e-03  -4.361442843791985e-03  2.216942148627244e-02  -3.571482046721124e-02  2.672855967430000e-03  3.475143300045614e-03
7.050006475000016e+00  3.535815290444894e-02  1.955181211252334e-02  3.630688642921458e-02  2.014761111057855e-02  -6.075851024904939e-03  -4.158022236211821e-03  2.091836126838927e-02  -3.408942516524929e-02  3.049768208319204e-03  3.644616156584733e-03
7.100006450000016e+00  3.342359494143363e-02  1.824223753610736e-02  3.432919027887258e-02  1.880907776367485e-02  -5.862333214997596e-03  -3.951915786743089e-03  1.969994560952764e-02  -3.248346068149106e-02  3.385071410025344e-03  3.776179920958101e-03
7.150006425000016e+00  3.152900834588261e-02  1.698127063949031e-02  3.239204447407550e-02  1.751922301403079e-02  -5.639909533190338e-03  -3.744606578915620e-03  1.851674737143591e-02  -3.090129765390748e-02  3.677478103216221e-03  3.870763900176548e-03
7.200006400000016e+00  2.968060817987344e-02  1.577153548342552e-02  3.050169971110013e-02  1.628078053865295e-02  -5.410375627260063e-03  -3.537510736085161e-03  1.737104833907602e-02  -2.934706646910068e-02  3.926350158199525e-03  3.929772335345048e-03
7.250006375000017e+00  2.788396200621705e-02  1.461512598792834e-02  2.866377122162978e-02  1.509595640104381e-02  -5.175513674453487e-03  -3.331960898643347e-03  1.626483133287740e-02  -2.782462675625512e-02  4.131682856070092e-03  3.955035897496878e-03
7.300006350000016e+00  2.614395340082132e-02  1.351360796090348e-02  2.688320031085420e-02  1.396642855379802e-02  -4.937068569950176e-03  -3.129191986546453e-03  1.519977562065484e-02  -2.633754092625006e-02  4.294075823747221e-03  3.948754716210111e-03
7.350006325000017e+00  2.446475917069802e-02  1.246802991609727e-02  2.516422938173566e-02  1.289335522320650e-02  -4.696725813005826e-03  -2.930329509434101e-03  1.417725557059259e-02  -2.488905197596991e-02  4.414691685958145e-03  3.913434922740928e-03
7.400006300000017e+00  2.284984000410130e-02  1.147894203429116e-02  2.351039024945527e-02  1.187739160229953e-02  -4.456091522602464e-03  -2.736380600350433e-03  1.319834244607611e-02  -2.348206570702663e-02  4.495203765641832e-03  3.851820925440116e-03
7.450006275000018e+00  2.130194391977650e-02  1.054642240457039e-02  2.192450519408798e-02  1.091871405288322e-02  -4.216674948296079e-03  -2.548227856970593e-03  1.226380920514290e-02  -2.211913743726158e-02  4.537734590253155e-03  3.766825750538844e-03
7.500006250000018e+00  1.982312156355047e-02  9.670109508776843e-03  2.040869988071981e-02  1.001705083187448e-02  -3.979873761365836e-03  -2.366625981274760e-03  1.137413813243348e-02  -2.080246321373190e-02  4.544787302896681e-03  3.661461770996642e-03
7.550006225000018e+00  1.841475213450964e-02  8.849239788045650e-03  1.896442700644867e-02  9.171718219530068e-03  -3.746962320392584e-03  -2.192201119728636e-03  1.052953110018628e-02  -1.953387546853111e-02  4.519172309560144e-03  3.538774015114282e-03
7.600006200000018e+00  1.707757851824633e-02  8.082689058557845e-03  1.759249932167709e-02  8.381660840786974e-03  -3.519083008824004e-03  -2.025452725691984e-03  9.729922227422706e-03  -1.831484299481100e-02  4.463931602198475e-03  3.401778009275582e-03
7.650006175000018e+00  1.581175006568252e-02  7.369016524022148e-03  1.629313052387462e-02  7.645494936489084e-03  -3.297240645025143e-03  -1.866757697672846e-03  8.974992683299626e-03  -1.714647506072236e-02  4.382263178077063e-03  3.253403787005890e-03
7.700006150000018e+00  1.461687138349360e-02  6.706510161675078e-03  1.506598243694616e-02  6.961553356371955e-03  -3.082299872746531e-03  -1.716376493848874e-03  8.264187361901673e-03  -1.602952942453957e-02  4.277447835188251e-03  3.096447315849007e-03
7.750006125000018e+00  1.349205549324445e-02  6.093232331028094e-03  1.391021686642091e-02  6.327931105328945e-03  -2.874985356327141e-03  -1.574460886528005e-03  7.596733141647946e-03  -1.496442396570689e-02  4.152780377437252e-03  2.933530182783031e-03
7.800006100000019e+00  1.243597976505642e-02  5.527064562603442e-03  1.282455055480973e-02  5.742530371687140e-03  -2.675884533909950e-03  -1.441063000310221e-03  6.971658433067606e-03  -1.395125160455979e-02  4.011506934340355e-03  2.767067965877648e-03
7.850006075000019e+00  1.144694312963556e-02  5.005750618741871e-03  1.180731174523040e-02  5.203104092635698e-03  -2.485452626058356e-03  -1.316145273971408e-03  6.387813713950243e-03  -1.298979814849671e-02  3.856769715146494e-03  2.599247329655960e-03
7.900006050000020e+00  1.052292320994646e-02  4.526937071041429e-03  1.085649698568457e-02  4.707297258579979e-03  -2.304019557851079e-03  -1.199590996955928e-03  5.843892750714547e-03  -1.207956267474168e-02  3.691560104987523e-03  2.432011534597588e-03
7.950006025000019e+00  9.661632180095012e-03  4.088210800105298e-03  9.969826961203030e-03  4.252685316061575e-03  -2.131798430097128e-03  -1.091215094598303e-03  5.338454209108482e-03  -1.121978003972938e-02  3.518680598147137e-03  2.267053762201586e-03
8.000006000000020e+00  8.860570343460517e-03  3.687132984793345e-03  9.144800316278599e-03  3.836809189588289e-03  -1.968895169020953e-03  -9.907748691273164e-04  4.869943365834632e-03  -1.040944509261640e-02  3.340715674791507e-03  2.105817434789152e-03
8.050005975000019e+00  8.117076614783513e-03  3.321269302998472e-03  8.378744615821134e-03  3.457206598884848e-03  -1.815318992044837e-03  -8.979804432813756e-04  4.436713645098349e-03  -9.647338165377819e-03  3.160011381720812e-03  1.949502556737074e-03
8.100005950000019e+00  7.428375282867355e-03  2.988216208433843e-03  7.668863780459665e-03  3.111439493657736e-03  -1.670993347939845e-03  -8.125046971578048e-04  4.037047720067554e-03  -8.932051414177414e-03  2.978663088459623e-03  1.799077018972641e-03
8.150005925000020e+00  6.791618614319484e-03  2.685623273882528e-03  7.012281513808084e-03  2.797117558401229e-03  -1.535767020040847e-03  -7.339925341200686e-04  3.669177938422058e-03  -8.262015595850547e-03  2.798510665088508e-03  1.655291785146467e-03
8.200005900000020e+00  6.203925028484985e-03  2.411211698208485e-03  6.406080409209448e-03  2.511917852001020e-03  -1.409425118681398e-03  -6.620693559315894e-04  3.331305853130742e-03  -7.635526878966382e-03  2.621140169995953e-03  1.518698906879623e-03
8.250005875000021e+00  5.662412725201113e-03  2.162789160942698e-03  5.847336576937714e-03  2.253600739285027e-03  -1.291699730802105e-03  -5.963486689388615e-04  3.021620663867615e-03  -7.050773310483506e-03  2.447891041912032e-03  1.389671386139077e-03
8.300005850000021e+00  5.164228777593781e-03  1.938261274439774e-03  5.333149766843854e-03  2.020022343855542e-03  -1.182280038332402e-03  -5.364387807220454e-04  2.738316400582831e-03  -6.505860585842694e-03  2.279867755260766e-03  1.268424003848986e-03
8.350005825000022e+00  4.706573810628342e-03  1.735639930428011e-03  4.860669074362424e-03  1.809143804181658e-03  -1.080821760277167e-03  -4.819485792616200e-04  2.479607708186132e-03  -5.998836801745206e-03  2.117954912620511e-03  1.155034354366322e-03
8.400005800000020e+00  4.286722472503173e-03  1.553048866959097e-03  4.427114409237528e-03  1.619037649503965e-03  -9.869558146905198e-04  -4.324924138536800e-04  2.243744119579302e-03  -5.527715906081715e-03  1.962834803077970e-03  1.049463455548799e-03
8.450005775000021e+00  3.902039971183347e-03  1.388726795497387e-03  4.029793976874994e-03  1.447891630629372e-03  -9.002961345504180e-04  -3.876941186300132e-04  2.029022732896658e-03  -5.090499597702684e-03  1.815006540228103e-03  9.515754354264905e-04
8.500005750000021e+00  3.549994994075966e-03  1.241028428631690e-03  3.666118073239752e-03  1.294010345527486e-03  -8.204466050402976e-04  -3.471902357850460e-04  1.833799237294886e-03  -4.685197469133210e-03  1.674805998581712e-03  8.611559222875682e-04
8.550005725000021e+00  3.228169357192960e-03  1.108423739179164e-03  3.333609527596639e-03  1.155814993270459e-03  -7.470071183664816e-04  -3.106325068855685e-04  1.656497259515206e-03  -4.309845227106562e-03  1.542425883198327e-03  7.779288804077234e-04
8.600005700000022e+00  2.934264743549549e-03  9.894957637412551e-04  3.029911145378917e-03  1.031841574748977e-03  -6.795787657966818e-04  -2.776897074971167e-04  1.495616030288018e-03  -3.962520868098957e-03  1.417935386775981e-03  7.015717354724839e-04
8.650005675000022e+00  2.666106891522350e-03  8.829372403418978e-04  2.752790508460065e-03  9.207378370651161e-04  -6.177682051746241e-04  -2.480489034454687e-04  1.349736395063821e-03  -3.641358728103671e-03  1.301299005009492e-03  6.317287202228563e-04
8.700005650000023e+00  2.421647584914094e-03  7.875463426481375e-04  2.500142484511708e-03  8.212592326347535e-04  -5.611912560376580e-04  -2.214162070170168e-04  1.217525217177640e-03  -3.344561366929691e-03  1.192394190118463e-03  5.680224414873540e-04
8.750005625000023e+00  2.198964779868409e-03  7.022217441662755e-04  2.269989783263636e-03  7.322641356347945e-04  -5.094757840749222e-04  -1.975171089504630e-04  1.097738243072983e-03  -3.070409286647582e-03  1.091027620839742e-03  5.100637249922479e-04
8.800005600000024e+00  1.996261181657429e-03  6.259572161363877e-04  2.060481877469028e-03  6.527085290084060e-04  -4.622639425414745e-04  -1.760964578038025e-04  9.892215183642278e-04  -2.817268520797026e-03  9.969499529628924e-04  4.574598352995353e-04
8.850005575000022e+00  1.811861558575444e-03  5.578359337264121e-04  1.869892582113413e-03  5.816403459983060e-04  -4.192138409603915e-04  -1.569181527500226e-04  8.909114600926562e-04  -2.583596165049695e-03  9.098689868325037e-04  4.098211964866717e-04
8.900005550000023e+00  1.644209052282466e-03  4.970246373856225e-04  1.696616558522045e-03  5.181936220330010e-04  -3.800007115766902e-04  -1.397646095411857e-04  8.018337043728602e-04  -2.367943950707798e-03  8.294612471791258e-04  3.667667565697651e-04
8.950005525000023e+00  1.491860715242310e-03  4.427677704391551e-04  1.539164981880068e-03  4.615825864060904e-04  -3.443176421260871e-04  -1.244360526815745e-04  7.211008596353321e-04  -2.168959989314401e-03  7.553820168428255e-04  3.279281470726713e-04
9.000005500000023e+00  1.353482477414150e-03  3.943816905605983e-04  1.396160582383231e-03  4.110957990039989e-04  -3.118759400554077e-04  -1.107496800847443e-04  6.479093037975125e-04  -1.985388839455298e-03  6.872739005298877e-04  2.929527903969086e-04
9.050005475000024e+00  1.227843716864804e-03  3.512490318435275e-04  1.266332242639631e-03  3.660904156061439e-04  -2.824051888296119e-04  -9.853873990060847e-05  5.815351689500110e-04  -1.816070065329858e-03  6.247740190682455e-04  2.615061034531226e-04
9.100005450000024e+00  1.113811583036673e-03  3.128132758613504e-04  1.148509307680361e-03  3.259866461068599e-04  -2.556530517688674e-04  -8.765155296447143e-05  5.213296595836745e-04  -1.659935470746737e-03  5.675199501978291e-04  2.332729378849374e-04
9.150005425000025e+00  1.010345197414308e-03  2.785735743082759e-04  1.041615739453167e-03  2.902624533774543e-04  -2.313848732985040e-04  -7.795050856020034e-05  4.667138501147514e-04  -1.516005201831344e-03  5.151545402572266e-04  2.079583864439808e-04
9.200005400000023e+00  9.164898345088750e-04  2.480798524266992e-04  9.446642252506567e-04  2.584485263007660e-04  -2.093831218229076e-04  -6.931105597672140e-05  4.171731046409338e-04  -1.383382916982900e-03  4.673297136492167e-04  1.852880727305442e-04
9.250005375000024e+00  8.313711665287708e-04  2.209282112704513e-04  8.567503293130848e-04  2.301235486110335e-04  -1.894467128512183e-04  -6.162070970461311e-05  3.722512566715467e-04  -1.261250223633134e-03  4.237094050059547e-04  1.650080284523165e-04
9.300005350000024e+00  7.541896378340006e-04  1.967566377208885e-04  7.770467588900501e-04  2.049097753623849e-04  -1.713902456563406e-04  -5.477808207193461e-05  3.315446792472009e-04  -1.148860578365531e-03  3.839717336974547e-04  1.468842492312487e-04
9.350005325000025e+00  6.842150202173167e-04  1.752410238406825e-04  7.047978003097127e-04  1.824689209130774e-04  -1.550431817429823e-04  -4.869195363780991e-05  2.946963666523749e-04  -1.045532840241836e-03  3.478105327362585e-04  1.307020072896789e-04
9.400005300000025e+00  6.207811871001021e-04  1.560914913929788e-04  6.393139669934444e-04  1.624983560262169e-04  -1.402489888018079e-04  -4.328038871553822e-05  2.613901381070131e-04  -9.506446571090889e-04  3.149363350603799e-04  1.162649874076917e-04
9.450005275000025e+00  5.632811337247496e-04  1.390490129525752e-04  5.799668897323782e-04  1.447276068309271e-04  -1.268642696717576e-04  -3.846990094105792e-05  2.313450616950658e-04  -8.636258516269887e-04  2.850769102995388e-04  1.033943015793166e-04
9.500005250000026e+00  5.111622611963442e-04  1.238823177850198e-04  5.261844697484246e-04  1.289151447511787e-04  -1.147578921338538e-04  -3.419467178883390e-05  2.043101836548864e-04  -7.839519582069451e-04  2.579774349744605e-04  9.192742792405409e-05
9.550005225000026e+00  4.639219345937918e-04  1.103850683799598e-04  4.774463069204525e-04  1.148454538983863e-04  -1.038101321121372e-04  -3.039582331487357e-05  1.800596343265087e-04  -7.111380444626923e-04  2.334003690448906e-04  8.171711067640792e-05
9.600005200000027e+00  4.211033191519821e-04  9.837329202655971e-05  4.332794088864452e-04  1.023263606621365e-04  -9.391184004239271e-05  -2.702074512514800e-05  1.583881678338746e-04  -6.447329316294021e-04  2.111251020982513e-04  7.263025046872456e-05
9.650005175000025e+00  3.822914935350134e-04  8.768305096097751e-05  3.932541813569798e-04  9.118660916407036e-05  -8.496363775974754e-05  -2.402247457886573e-05  1.391071782735855e-04  -5.843139082091265e-04  1.909474234552053e-04  6.454680759194610e-05
9.700005150000026e+00  3.471098353082261e-04  7.816833426791494e-05  3.569806957243495e-04  8.127366572557173e-05  -7.687515121911514e-05  -2.135912849479158e-05  1.220412210734573e-04  -5.294820103424286e-04  1.726788621842604e-04  5.735873538956701e-05
9.750005125000026e+00  3.152166707182475e-04  6.969915476795374e-05  3.241052267659782e-04  7.245173542192614e-05  -6.956428266192559e-05  -1.899338409410991e-05  1.070250545416514e-04  -4.798579215653162e-04  1.561459355298324e-04  5.096895632169224e-05
9.800005100000027e+00  2.863021786637837e-04  6.215983447488334e-05  2.943070507744331e-04  6.459997405317214e-05  -6.295652444176631e-05  -1.689200654855851e-05  9.390120369477168e-05  -4.350785241462906e-04  1.411893375872637e-04  4.529038943102795e-05
9.850005075000027e+00  2.600855371583168e-04  5.544746278332317e-05  2.672954926674405e-04  5.761087937029824e-05  -5.698431558414146e-05  -1.502542027549168e-05  8.251803645091025e-05  -3.947941145344679e-04  1.276630941913669e-04  4.024503485206284e-05
9.900005050000027e+00  2.363122995366107e-04  4.947051228144021e-05  2.428072094223737e-04  5.138884608465706e-05  -5.158644124684719e-05  -1.336732100428084e-05  7.272833138789163e-05  -3.586662769703104e-04  1.154337048862585e-04  3.576311853274200e-05
9.950005025000028e+00  2.147519870414404e-04  4.414759792348775e-05  2.206036964373693e-04  4.584887000119667e-05  -4.670747453504636e-05  -1.189432560719618e-05  6.438830665535067e-05  -3.263663923567495e-04  1.043792884622234e-04  3.178229839449879e-05
1.000000500000003e+01  1.951958841600096e-04  3.940636619985478e-05  2.004690030557670e-04  4.091538750622996e-05  -4.229725957935470e-05  -1.058565672254339e-05  5.735707141287805e-05  -2.975747443469846e-04  9.438874481955883e-05  2.824693165893782e-05
1.005000497500003e+01  1.774550230880844e-04  3.518250187492778e-05  1.822076434246536e-04  3.652123757141358e-05  -3.831043437938919e-05  -9.422859281620596e-06  5.149645443273424e-05  -2.719801715094704e-04  8.536094278486490e-05  2.510740194347505e-05
1.010000495000003e+01  1.613583439220780e-04  3.141884079953408e-05  1.656426890262243e-04  3.260673437891121e-05  -3.470599162553922e-05  -8.389546170254125e-06  4.667115930601803e-05  -2.492802035574641e-04  7.720394089621982e-05  2.231950390818599e-05
1.015000492500002e+01  1.467510175632142e-04  2.806457822556284e-05  1.506140295670220e-04  2.911883960665908e-05  -3.144687551737039e-05  -7.471170399096865e-06  4.274919204275763e-05  -2.291816110950365e-04  6.983424602584810e-05  1.984388266480464e-05
1.020000490000002e+01  1.334929188203329e-04  2.507456294124582e-05  1.369767893886875e-04  2.601042432110726e-05  -2.849961247998927e-05  -6.654821315586837e-06  3.960250474272892e-05  -2.114012921937209e-04  6.317611296144177e-05  1.764552478712333e-05
1.025000487500002e+01  1.214572377833930e-04  2.240866839643164e-05  1.245998871365096e-04  2.323961129621284e-05  -2.583397362437798e-05  -5.929042557413599e-06  3.710779838660758e-05  -1.956674153745942e-04  5.716088666383742e-05  1.569329754823800e-05
1.030000485000002e+01  1.105292181794203e-04  2.003123279129092e-05  1.133647270576675e-04  2.076918940392176e-05  -2.342266679096636e-05  -5.283669617060025e-06  3.514742857892522e-05  -1.817207371759795e-04  5.172638780793898e-05  1.395953291912792e-05
1.035000482500002e+01  1.006050120933747e-04  1.791056085520336e-05  1.031640109745019e-04  1.856609249793327e-05  -2.124105604645819e-05  -4.709685055327110e-06  3.361036016211005e-05  -1.693160133331691e-04  4.681634134962964e-05  1.241965286587832e-05
1.040000480000002e+01  9.159064111980985e-05  1.601848074314130e-05  9.390066066944811e-05  1.660093593652445e-05  -1.926690656292106e-05  -4.199089565640457e-06  3.239311988688538e-05  -1.582234255331804e-04  4.237984720321251e-05  1.105183255554929e-05
1.045000477500002e+01  8.340105469297486e-05  1.432995012430789e-05  8.548684111175353e-05  1.484760456072267e-05  -1.748015288775942e-05  -3.744787248186175e-06  3.140070062450789e-05  -1.482299505424006e-04  3.837089162607923e-05  9.836698203863552e-06
1.050000475000002e+01  7.595927701222000e-05  1.282270613293404e-05  7.784307563974729e-05  1.328288656158155e-05  -1.586268870718532e-05  -3.340483602040286e-06  3.054737577801288e-05  -1.391406050129127e-04  3.474789755897532e-05  8.757056455940958e-06
1.055000472500002e+01  6.919563462809083e-05  1.147695439567250e-05  7.089744487718291e-05  1.188614823615658e-05  -1.439817630915031e-05  -2.980594883505004e-06  2.975738842259032e-05  -1.307795071996640e-04  3.147331193498568e-05  7.797652371889646e-06
1.060000470000002e+01  6.304705737646455e-05  1.027509284624211e-05  6.458486180146121e-05  1.063904514810133e-05  -1.307187406038826e-05  -2.660167609345974e-06  2.896548609910554e-05  -1.229907058909930e-04  2.851322782574773e-05  6.944953282505885e-06
1.065000467500002e+01  5.745644593949615e-05  9.201466488558511e-06  5.884641599077877e-05  9.525265678193637e-06  -1.187048032308310e-05  -2.374807104367675e-06  2.811727891971696e-05  -1.156387367797553e-04  2.583703922044472e-05  6.186955979192999e-06
1.070000465000001e+01  5.237209987047940e-05  8.242149677465090e-06  5.362878065347366e-05  8.530303375429651e-06  -1.078199234727473e-05  -2.120614103850232e-06  2.716940553913079e-05  -1.086088769880366e-04  2.341712621603761e-05  5.513014900864837e-06
1.075000462500001e+01  4.774720044363915e-05  7.384752854385455e-06  4.888367658436542e-05  7.641254903618211e-06  -9.795578783594514e-06  -1.894128523062668e-06  2.608949842627340e-05  -1.018070792084840e-04  2.122856842282393e-05  4.913689174909932e-06
1.080000460000001e+01  4.353934317893059e-05  6.618251006810911e-06  4.456738769903490e-05  6.846640724746691e-06  -8.901464565913777e-06  -1.692279598756949e-06  2.485594657169145e-05  -9.515957765480799e-05  1.924888444697432e-05  4.380606556299955e-06
1.085000457500001e+01  3.971011534640051e-05  5.932831418514291e-06  4.064032326785098e-05  6.136245971819882e-06  -8.090827014017526e-06  -1.512341691711977e-06  2.345746013422616e-05  -8.861216844822595e-05  1.745779539242011e-05  3.906342486616501e-06
1.090000455000001e+01  3.622471417536784e-05  5.319758544644411e-06  3.706662240780783e-05  5.500979243356038e-06  -7.355702101826718e-06  -1.351895115567984e-06  2.189244742689850e-05  -8.212917695300849e-05  1.583701042123686e-05  3.484312661864831e-06
1.095000452500001e+01  3.305160188179745e-05  4.771254085166062e-06  3.381379679300181e-05  4.932747302094111e-06  -6.688899926579221e-06  -1.208791425928004e-06  2.016821994657953e-05  -7.569213368374008e-05  1.437003251882994e-05  3.108677653736783e-06
1.100000450000001e+01  3.016219398422854e-05  4.280390544072104e-06  3.085240791526723e-05  4.424343884404077e-06  -6.083928498537220e-06  -1.081122665570320e-06  1.830004576370929e-05  -6.929818853972454e-05  1.304198272330171e-05  2.774258273205001e-06
1.105000447500001e+01  2.753057770611898e-05  3.840996752839036e-06  2.815577556673310e-05  3.969351026910791e-06  -5.534925049163590e-06  -9.671941171740858e-07  1.631007542722240e-05  -6.295830011170539e-05  1.183944119388012e-05  2.476460498029750e-06
1.110000445000001e+01  2.513325756221944e-05  3.447574006979862e-06  2.569971452760889e-05  3.562051495275727e-06  -5.036594128365859e-06  -8.655001647522344e-07  1.422616754700911e-05  -5.669524252053465e-05  1.075030360854160e-05  2.211208907228248e-06
1.115000442500001e+01  2.294892550039220e-05  3.095221616345332e-06  2.346229672717262e-05  3.197351059086086e-06  -4.584151828494306e-06  -7.747029095302637e-07  1.208064335771982e-05  -5.054147659246410e-05  9.763651493963000e-06  1.974887676247460e-06
1.120000440000000e+01  2.095825321993271e-05  2.779570804940499e-06  2.142363640555305e-05  2.870709498356497e-06  -4.173275534513298e-06  -6.936132257962936e-07  9.909000827740365e-06  -4.453693509451219e-05  8.869635200222466e-06  1.764288287062480e-06
1.125000437500000e+01  1.914370451470845e-05  2.496726016194090e-06  1.956569604027883e-05  2.578079353062521e-06  -3.800058656398076e-06  -6.211739777350316e-07  7.748619265920572e-06  -3.872677322634083e-05  8.059368337204333e-06  1.576563198327278e-06
1.130000435000000e+01  1.748936569601446e-05  2.243212786421311e-06  1.787211101647774e-05  2.315851539042863e-06  -3.460969851626018e-06  -5.564451498712089e-07  5.637484923483937e-06  -3.315913561067181e-05  7.324832588762036e-06  1.409184802702324e-06
1.135000432500000e+01  1.598079233760402e-05  2.015931444084885e-06  1.632803121474370e-05  2.080807053019271e-06  -3.152816292930747e-06  -4.985906718784159e-07  3.612966837942299e-06  -2.788298969404468e-05  6.658791913942790e-06  1.259909072255661e-06
1.140000430000000e+01  1.460487075545150e-05  1.812115976673801e-06  1.491997786766632e-05  1.870074077737104e-06  -2.872710579573823e-06  -4.468667435163430e-07  1.710670184437283e-06  -2.294607284903256e-05  6.054715231775660e-06  1.126743359053003e-06
1.145000427500000e+01  1.334969278891768e-05  1.629297481745615e-06  1.363571419636285e-05  1.681089876539449e-06  -2.618040929565853e-06  -4.006114876707870e-07  -3.660823199265018e-08  -1.839299667120622e-05  5.506706767230330e-06  1.007917877372191e-06
1.150000425000000e+01  1.220444258949825e-05  1.465271684959046e-06  1.246412848350085e-05  1.511566936144739e-06  -2.386444325833666e-06  -3.592357791840375e-07  -1.599800900105982e-06  -1.426354712841833e-05  5.009443311050312e-06  9.018604470215415e-07
1.155000422500000e+01  1.115929424953300e-05  1.318070066694073e-06  1.139512837058775e-05  1.359462877980975e-06  -2.175782321569735e-06  -3.222151146477401e-07  -2.954349144856453e-06  -1.059121350600226e-05  4.558117715424049e-06  8.071741245992881e-07
1.160000420000000e+01  1.020531921733221e-05  1.185934190953227e-06  1.041954528597390e-05  1.222953713015122e-06  -1.984119239188073e-06  -2.890824038290569e-07  -4.080827483568122e-06  -7.401972675486677e-06  4.148388011115045e-06  7.226173917529631e-07
1.165000417500000e+01  9.334402548241623e-06  1.067292876407896e-06  9.529048017217093e-06  1.100410063387430e-06  -1.809702523706729e-06  -2.594215771325416e-07  -4.965403215876911e-06  -4.713348283715275e-06  3.776331590007386e-06  6.470866070938068e-07
1.170000415000000e+01  8.539167134236952e-06  9.607418903638560e-07  8.716064538247270e-06  9.903760170161411e-07  -1.650945035224193e-06  -2.328619156608433e-07  -5.600126009530396e-06  -2.533757208272301e-06  3.438403950341154e-06  5.796004618621161e-07
1.175000412499999e+01  7.812905138645976e-06  8.650258826652386e-07  7.973711289122585e-06  8.915503193015055e-07  -1.506409086682942e-06  -2.090730212029142e-07  -5.983046590228145e-06  -8.621482489508121e-07  3.131401550532858e-06  5.192862091555550e-07
1.180000410000000e+01  7.149515938396270e-06  7.790223086644801e-07  7.295729184973045e-06  8.027696396837737e-07  -1.374792052528983e-06  -1.877603530059164e-07  -6.118167883499517e-06  3.120692845608364e-07  2.852428361724202e-06  4.653674629163910e-07
1.185000407499999e+01  6.543449944561055e-06  7.017271188278266e-07  6.676425701798654e-06  7.229936805912826e-07  -1.254913391376867e-06  -1.686612666167254e-07  -6.015235987686109e-06  1.008816486309959e-06  2.598865749398547e-06  4.171533862814967e-07
1.190000404999999e+01  5.989657733636057e-06  6.322420177394888e-07  6.110622450868548e-06  6.512919226901570e-07  -1.145702941554880e-06  -1.515414975357506e-07  -5.689382084121483e-06  1.256871301835857e-06  2.368345350863292e-06  3.740291096530286e-07
1.195000402499999e+01  5.483543977575329e-06  5.697631175835230e-07  5.593607711230578e-06  5.868318237058330e-07  -1.046190362599947e-06  -1.361920390209422e-07  -5.160629730917676e-06  1.093152598327335e-06  2.158724648418979e-06  3.354472372383604e-07
1.200000399999999e+01  5.020925710732092e-06  5.135708309500733e-07  5.121093441901720e-06  5.288683087738253e-07  -9.554956085470515e-07  -1.224263692121827e-07  -4.453284868336967e-06  5.617892862496607e-07  1.968064967909343e-06  3.009203170963545e-07
1.205000397499999e+01  4.597994517026156e-06  4.630208653236304e-07  4.689176342225040e-06  4.767344085992207e-07  -8.728203303514516e-07  -1.100779879035430e-07  -3.595228229023076e-06  -2.869935694530828e-07  1.794611659342441e-06  2.700141641475521e-07
1.210000394999999e+01  4.211282261376831e-06  4.175361971240994e-07  4.294302571153874e-06  4.298329179326749e-07  -7.974401151190720e-07  -9.899822785102777e-08  -2.617131652621469e-06  -1.398136120526043e-06  1.636776240644618e-06  2.423419383680373e-07
1.215000392499999e+01  3.857630026137151e-06  3.765999169159433e-07  3.933235774315055e-06  3.876289612457150e-07  -7.286974791151019e-07  -8.905430953547486e-08  -1.551621023073913e-06  -2.713114457445258e-06  1.493120307593823e-06  2.175588916779633e-07
1.220000389999999e+01  3.534159946338665e-06  3.397488495794065e-07  3.603028102023888e-06  3.496433652228311e-07  -6.659955398764749e-07  -8.012761186540563e-08  -4.324091659809180e-07  -4.171380970125327e-06  1.362341032795298e-06  1.953577070230176e-07
1.225000387499999e+01  3.238249667363679e-06  3.065678640305845e-07  3.300993932347249e-06  3.154467489707494e-07  -6.087923002641598e-07  -7.211213445700669e-08  7.065779349956026e-07  -5.711834090026896e-06  1.243258094413811e-06  1.754643619792943e-07
1.230000384999999e+01  2.967509175527388e-06  2.766847966429429e-07  3.024686041175056e-06  2.846542528432587e-07  -5.565954840407815e-07  -6.491312991600458e-08  1.832058802209215e-06  -7.274277631422453e-06  1.134801891447956e-06  1.576344570215283e-07
1.235000382499998e+01  2.719759776267456e-06  2.497659210026007e-07  2.771873986368376e-06  2.569208356406891e-07  -5.089578686245590e-07  -5.844588701137647e-08  2.912216316233246e-06  -8.800831405471503e-06  1.036002916794475e-06  1.416499554990164e-07
1.240000379999998e+01  2.493015016466572e-06  2.255119041478398e-07  2.540524495678871e-06  2.319370777972630e-07  -4.654730661209361e-07  -5.263464781112160e-08  3.917459677797629e-06  -1.023725715524307e-05  9.459821723595488e-07  1.273162884672216e-07
1.245000377499998e+01  2.285463367111636e-06  2.036541961101455e-07  2.328783668526614e-06  2.094254351326304e-07  -4.257717086308973e-07  -4.741164377884665e-08  4.821110466457664e-06  -1.153416706756949e-05  8.639425221717388e-07  1.144597829186475e-07
1.250000374999998e+01  2.095452500235177e-06  1.839518054870888e-07  2.134960820103836e-06  1.891368939181968e-07  -3.895179982358922e-07  -4.271623753598569e-08  5.599997236233107e-06  -1.264808605741508e-05  7.891608899666890e-07  1.029253767261213e-07
1.255000372499998e+01  1.921475010083116e-06  1.661884190228516e-07  1.957513812841814e-06  1.708479834847839e-07  -3.564065860140536e-07  -3.849415850396408e-08  6.234945856919850e-06  -1.354234357408764e-05  7.209812171641386e-07  9.257458782781245e-08
1.260000369999998e+01  1.762155442881365e-06  1.501698278264537e-07  1.795035735217344e-06  1.543581074557228e-07  -3.261597479964360e-07  -3.469682197638839e-08  6.711155817332610e-06  -1.418777571571052e-05  6.588081056495605e-07  8.328370891050178e-08
1.265000367499998e+01  1.616238512588262e-06  1.357216269883035e-07  1.646242801346515e-06  1.394871589993980e-07  -2.985248291661669e-07  -3.128072235359566e-08  7.018455871402174e-06  -1.456322382145779e-05  6.021010774018132e-07  7.494220214267683e-08
1.270000364999998e+01  1.482578391760869e-06  1.226871590222989e-07  1.509963356963303e-06  1.260733893201385e-07  -2.732719294744500e-07  -2.820689231846072e-08  7.151435647743133e-06  -1.465582129583736e-05  5.503693898615105e-07  6.745127142230977e-08
1.275000362499998e+01  1.360128977257392e-06  1.109256748161887e-07  1.385127888340231e-06  1.139715020015284e-07  -2.501918084282468e-07  -2.544042065899073e-08  7.109453076065214e-06  -1.446106606186746e-05  5.031673520909176e-07  6.072259218016421e-08
1.280000359999998e+01  1.247935040059085e-06  1.003106886640538e-07  1.270759940596605e-06  1.030509488306607e-07  -2.290939871248607e-07  -2.295002226384195e-08  6.896520629514021e-06  -1.398268159788447e-05  4.600900923056227e-07  5.467718105748259e-08
1.285000357499998e+01  1.145124177125523e-06  9.072850652294352e-08  1.165967860763026e-06  9.319440540891887e-08  -2.098050286951321e-07  -2.070765454375848e-08  6.521076365886738e-06  -1.323227484933912e-05  4.207697323248428e-07  4.924438979166468e-08
1.290000354999997e+01  1.050899490989202e-06  8.207690891755359e-08  1.069937289024920e-06  8.429640723285830e-08  -1.921669799934332e-07  -1.868817517590535e-08  5.995648503015890e-06  -1.222880429534613e-05  3.848719289483807e-07  4.436100942574814e-08
1.295000352499997e+01  9.645329298319400e-07  7.426397194476019e-08  9.819243288388718e-07  7.626212904162535e-08  -1.760359590605452e-07  -1.686903663872897e-08  5.336424723009440e-06  -1.099787597381959e-05  3.520927462755448e-07  3.997047253422526e-08
1.300000349999997e+01  8.853592271412754e-07  6.720701163254204e-08  9.012493331811705e-07  6.900629210509705e-08  -1.612808744040501e-07  -1.523001351079016e-08  4.562739513332894e-06  -9.570889228350825e-06  3.221558265811075e-07  3.602214255291292e-08
1.305000347499997e+01  8.127703857869683e-07  6.083163851073887e-08  8.272912501179394e-07  6.245218579615203e-08  -1.477822635073383e-07  -1.375295895545249e-08  3.696494576990129e-06  -7.984057249275934e-06  2.948098305975266e-07  3.247068053536571e-08
1.310000344999997e+01  7.462106565463848e-07  5.507091067671109e-08  7.594824762432636e-07  5.653079127470971e-08  -1.354312392081934e-07  -1.242158721097531e-08  2.761528647235109e-06  -6.277330075429392e-06  2.698261209584404e-07  2.927548075132882e-08
1.315000342499997e+01  6.851719657972980e-07  4.986457490722106e-08  6.973041713723675e-07  5.117999643125095e-08  -1.241285336950733e-07  -1.122127925829141e-08  1.782953902713559e-06  -4.493249553756349e-06  2.469966651695829e-07  2.640016751044296e-08
1.320000339999997e+01  6.291897513364577e-07  4.515838649640649e-08  6.402819922518855e-07  4.634389241191064e-08  -1.137836308661169e-07  -1.013890915169793e-08  7.864765874013458e-07  -2.675766795656825e-06  2.261321368200653e-07  2.381214645137957e-08
1.325000337499997e+01  5.778391691162233e-07  4.090349950421076e-08  5.879822070043906e-07  4.197214309226458e-08  -1.043139786937476e-07  -9.162688775413786e-09  -2.022806025215452e-07  -8.690529143728611e-07  2.070601958563382e-07  2.148220429563787e-08
1.330000334999997e+01  5.307316371593019e-07  3.705591999394007e-08  5.400081556007165e-07  3.801941979710632e-08  -9.564427404656538e-08  -8.282029035483347e-09  -1.158437282672945e-06  8.836667094883413e-07  1.896239306375396e-07  1.938415173771330e-08
1.335000332499997e+01  4.875116860489163e-07  3.357601563402852e-08  4.959970248883078e-07  3.444489439166505e-08  -8.770581314900125e-08  -7.487415715395973e-09  -2.058479108235734e-06  2.541225674572152e-06  1.736804461961672e-07  1.749450473925943e-08
1.340000329999997e+01  4.478540882307097e-07  3.042807574850816e-08  4.556169096301931e-07  3.121178460723384e-08  -8.043590151604101e-08  -6.770298418192529e-09  -2.880831555422746e-06  4.065550345080054e-06  1.590995846615324e-07  1.579220002305244e-08
1.345000327499996e+01  4.114612409323797e-07  2.757991653277013e-08  4.185641336572492e-07  2.828694612115125e-08  -7.377731779246134e-08  -6.122991190527383e-09  -3.606370464658728e-06  5.422589825127064e-06  1.457627651829510e-07  1.425834103084014e-08
1.350000324999996e+01  3.780607798335036e-07  2.500252671453969e-08  3.845608076332592e-07  2.564050649645718e-08  -6.767782645995368e-08  -5.538583577611120e-09  -4.218857963932629e-06  6.583120943054590e-06  1.335619319307694e-07  1.287597102440980e-08
1.355000322499996e+01  3.474034027248265e-07  2.266974944218170e-08  3.533526021022218e-07  2.324553660826529e-08  -6.208973485709591e-08  -5.010860994354829e-09  -4.705294538928515e-06  7.523410701716635e-06  1.223985998702146e-07  1.162987037753485e-08
1.360000319999996e+01  3.192608843046210e-07  2.055799663025563e-08  3.247067164524228e-07  2.107775564900353e-08  -5.696949039160285e-08  -4.534233419299796e-09  -5.056180343436920e-06  8.225722643547381e-06  1.121829890083896e-07  1.050637543324769e-08
1.365000317499996e+01  2.934242649887104e-07  1.864599239164632e-08  2.984100262116943e-07  1.911526621942158e-08  -5.227731421635798e-08  -4.103671525754379e-09  -5.265681287118008e-06  8.678657822704126e-06  1.028332387198586e-07  9.493216590886561e-09
1.370000314999996e+01  2.697021981776170e-07  1.691454254192981e-08  2.742673927009186e-07  1.733831638220082e-08  -4.797686799462639e-08  -3.714649460484255e-09  -5.331697934390408e-06  8.877325458449262e-06  9.427469457133283e-08  8.579373544788937e-09
1.375000312499996e+01  2.479194418445897e-07  1.534632747962078e-08  2.521001205342496e-07  1.572908588505402e-08  -4.403495069937618e-08  -3.363093565651884e-09  -5.255837735009624e-06  8.823342751968675e-06  8.643926080013640e-08  7.754945825069505e-09
1.380000309999996e+01  2.279154815960043e-07  1.392571602978854e-08  2.317445497792284e-07  1.427149405474644e-08  -4.042122268020111e-08  -3.045336415661759e-09  -5.043293522439616e-06  8.524667671616249e-06  7.926481226258743e-08  7.011036993913182e-09
1.385000307499996e+01  2.095432735234678e-07  1.263859809195470e-08  2.130507707910515e-07  1.295102712639504e-08  -3.710795449201301e-08  -2.758075608190513e-09  -4.702633501712420e-06  7.995272643137370e-06  7.269466026451738e-08  6.339651031142862e-09
1.390000304999996e+01  1.926680962263064e-07  1.147223415951316e-08  1.958814508244900e-07  1.175458300716180e-08  -3.406979821521221e-08  -2.498336808896444e-09  -4.245510051015290e-06  7.254670922912831e-06  6.667706722346663e-08  5.733599603058078e-09
1.395000302499995e+01  1.771665023442861e-07  1.041511998009258e-08  1.801107625150298e-07  1.067033168312366e-08  -3.128357920992967e-08  -2.263440602936878e-09  -3.686296532532349e-06  6.327310893360994e-06  6.116480559656275e-08  5.186419050961800e-09
1.400000299999995e+01  1.629253608127053e-07  9.456864806934008e-09  1.656234052172936e-07  9.687589665403012e-09  -2.872810643939234e-08  -2.050972754206031e-09  -3.041662906805892e-06  5.241856523005549e-06  5.611475694499947e-08  4.692296062410568e-09
1.405000297499995e+01  1.498409818438166e-07  8.588081852814859e-09  1.523137110024176e-07  8.796707039009396e-09  -2.638399967150121e-08  -1.858757515789799e-09  -2.330102238206689e-06  4.030374713550409e-06  5.148754740018128e-08  4.246001100822337e-09
1.410000294999995e+01  1.378183173574682e-07  7.800289702391490e-09  1.400848278546084e-07  7.988965827432711e-09  -2.423353202513095e-08  -1.684833673093021e-09  -1.571421141233570e-06  2.727452162337014e-06  4.724721615224719e-08  3.842828769234516e-09
1.415000292499995e+01  1.267702302367659e-07  7.085823567901555e-09  1.288479732776871e-07  7.256488519764068e-09  -2.226048647008629e-08  -1.527433034940425e-09  -7.862078322385794e-07  1.369265665377444e-06  4.336091390267398e-08  3.478544373119509e-09
1.420000289999995e+01  1.166168263776406e-07  6.437755388610063e-09  1.185217521314343e-07  6.592155726711729e-09  -2.045002501854381e-08  -1.384961118138136e-09  4.708288663940214e-09  -7.369545546609857e-09  3.979862851245587e-08  3.149336026476196e-09
1.425000287499995e+01  1.072848440400652e-07  5.849821877662856e-09  1.090315330707597e-07  5.989532038849300e-09  -1.878856946248403e-08  -1.255979797911077e-09  7.807916940992905e-07  -1.365948801728080e-06  3.653293533904969e-08  2.851771716018274e-09
1.430000284999995e+01  9.870709549837402e-08  5.316359712432598e-09  1.003088784633597e-07  5.442799256137231e-09  -1.726369261726326e-08  -1.139191720660572e-09  1.522317029528347e-06  -2.671200285425798e-06  3.353876999165189e-08  2.582760801148851e-09
1.435000282499995e+01  9.082195643326974e-08  4.832247147166762e-09  9.229102311832723e-08  4.946696243404043e-09  -1.586401912715374e-08  -1.033426296933477e-09  2.210854023379589e-06  -3.889957734458260e-06  3.079322144794348e-08  2.339519483405732e-09
1.440000279999995e+01  8.357289891280772e-08  4.392851400810312e-09  8.492039757339888e-08  4.496464743136774e-09  -1.457913497535752e-08  -9.376271116417061e-10  2.829709434267577e-06  -4.991962415968159e-06  2.827534366845380e-08  2.119539828948366e-09
1.445000277499995e+01  7.690806417768145e-08  3.993981239200090e-09  7.814419206605339e-08  4.087800545569205e-09  -1.339950491953900e-08  -8.508406056698718e-10  3.364315788409219e-06  -5.950575442010986e-06  2.596598401917064e-08  1.920561972113117e-09
1.450000274999995e+01  7.077987178088273e-08  3.631844230236638e-09  7.191395765698800e-08  3.716809477526531e-09  -1.231639714510649e-08  -7.722058982819489e-10  3.802558214556206e-06  -6.743384149413464e-06  2.384762697079232e-08  1.740549167690304e-09
1.455000272499994e+01  6.514466193635583e-08  3.303008203865606e-09  6.618524128677995e-08  3.379967726547925e-09  -1.132181449300775e-08  -7.009456333838409e-10  4.135032421260065e-06  -7.352689270983840e-06  2.190425168570885e-08  1.577665394907380e-09
1.460000269999994e+01  5.996236820838971e-08  3.004366496400091e-09  6.091725183064593e-08  3.074086066143677e-09  -1.040843167732444e-08  -6.363577448937863e-10  4.355228736206536e-06  -7.765862901698230e-06  2.012120223288884e-08  1.430255247611786e-09
1.465000267499994e+01  5.519621792571676e-08  2.733106601470644e-09  5.607255447474339e-08  2.796277592257428e-09  -9.569537961029378e-09  -5.778080473737074e-10  4.459639089483936e-06  -7.975570725190148e-06  1.848506928766736e-08  1.296825873255184e-09
1.470000264999994e+01  5.081245793389388e-08  2.486681888223134e-09  5.161679097276230e-08  2.543928620637348e-09  -8.798984806424806e-09  -5.247235678215545e-10  4.447785821554885e-06  -7.979855521770998e-06  1.698358227916436e-08  1.176030748360901e-09
1.475000262499994e+01  4.678010350860684e-08  2.262786081761031e-09  4.751842355576984e-08  2.314672430355866e-09  -8.091138060478704e-09  -4.765865432417568e-10  4.322173182377261e-06  -7.782082539034485e-06  1.560551104379431e-08  1.066655100540939e-09
1.480000259999994e+01  4.307070844293221e-08  2.059330231663760e-09  4.374850046331808e-08  2.106365570586552e-09  -7.440834274938849e-09  -4.329290164087929e-10  4.088164310758039e-06  -7.390750780458037e-06  1.434057613002381e-08  9.676028071121927e-10
1.485000257499994e+01  3.965815449501977e-08  1.874421922077511e-09  4.028044124146086e-08  1.917066476334130e-09  -6.843340797114069e-09  -3.933279692162298e-10  3.753788296870535e-06  -6.819177571152391e-06  1.317936697806330e-08  8.778846182057643e-10
1.490000254999994e+01  3.651845854066240e-08  1.706346501701002e-09  3.708984011513670e-08  1.745016164462859e-09  -6.294319299911521e-09  -3.574009392482033e-10  3.329483592631858e-06  -6.085066814041761e-06  1.211326726933438e-08  7.966075682014624e-10
1.495000252499994e+01  3.362959591919893e-08  1.553550134272289e-09  3.415428588979536e-08  1.588620804387090e-09  -5.789792449419682e-09  -3.248020708004994e-10  2.827785506168598e-06  -5.209974082527183e-06  1.113438680503967e-08  7.229654535587451e-10
1.500000249999994e+01  3.097133859242141e-08  1.414624490168755e-09  3.145319697148728e-08  1.446435978449909e-09  -5.326113435309931e-09  -2.952185565839073e-10  2.262966765400403e-06  -4.218684045059634e-06  1.023549933161967e-08  6.562302678398174e-10
1.505000247499994e+01  2.852510685578076e-08  1.288292917697535e-09  2.896767021707749e-08  1.317152465566921e-09  -4.899938113849187e-09  -2.683674308255715e-10  1.650641134911402e-06  -3.138517632086190e-06  9.409985783885587e-09  5.957444960942533e-10
1.510000244999993e+01  2.627383345025229e-08  1.173397948789707e-09  2.668034243786549e-08  1.199583398371756e-09  -4.508199535602159e-09  -2.439926785001229e-10  1.007340800265590e-06  -1.998587796482427e-06  8.651782464689806e-09  5.409141809431985e-10
1.515000242499993e+01  2.420183902268351e-08  1.068890008307830e-09  2.457526348166604e-08  1.092652659063815e-09  -4.148084650162003e-09  -2.218626290209142e-10  3.500786816259698e-07  -8.290236584483025e-07  7.955333723606666e-09  4.912026817948903e-10
1.520000239999993e+01  2.229471797316489e-08  9.738172092024143e-10  2.263777991121688e-08  9.953843926028562e-10  -3.817012998670845e-09  -2.017676059468581e-10  -3.040930013051111e-07  3.398167494747575e-07  7.315548736666620e-09  4.461250567573478e-10
1.525000237499993e+01  2.053923381072124e-08  8.873161274602202e-10  2.085442838143484e-08  9.068935279759483e-10  -3.512617221646970e-09  -1.835178071515789e-10  -9.385167169827227e-07  1.478125012280638e-06  6.727762025101711e-09  4.052430040917877e-10
1.530000234999993e+01  1.892322321413195e-08  8.086034613116543e-10  1.921283789527045e-08  8.263772091208897e-10  -3.232725224877570e-09  -1.669413924939959e-10  -1.537345369621462e-06  2.557392607351992e-06  6.187697383664363e-09  3.681603065632538e-10
1.535000232499993e+01  1.743550806359582e-08  7.369684886274886e-10  1.770164018837774e-08  7.531070468519673e-10  -2.975343860004398e-09  -1.518827583544740e-10  -2.085929679021817e-06  3.551114468023920e-06  5.691434918686243e-09  3.345187278748052e-10
1.540000229999993e+01  1.606581477185195e-08  6.717662449454949e-10  1.631038755712458e-08  6.864221119116611e-10  -2.738643989050891e-09  -1.382009804863498e-10  -2.571167970458029e-06  4.435428897628229e-06  5.235380922931649e-09  3.039943155913553e-10
1.545000227499993e+01  1.480470030078408e-08  6.124113522228369e-10  1.502947750316578e-08  6.257225971663631e-10  -2.520946813627827e-09  -1.257684085040106e-10  -2.981810271133472e-06  5.189678810410562e-06  4.816240338726474e-09  2.762940696337630e-10
1.550000224999993e+01  1.364348430195955e-08  5.583724352975455e-10  1.385008362138786e-08  5.704640840657918e-10  -2.320711360014080e-09  -1.144693970081819e-10  -3.308709909511897e-06  5.796881533051426e-06  4.430991583037674e-09  2.511529396109568e-10
1.555000222499993e+01  1.257418686742706e-08  5.091670692403778e-10  1.276409220696169e-08  5.201523548754273e-10  -2.136523020833758e-09  -1.041991598566459e-10  -3.545017259228185e-06  6.244096936619488e-06  4.076863528349509e-09  2.283311180094493e-10
1.560000219999992e+01  1.158947142082188e-08  4.643572063569922e-10  1.176404410192072e-08  4.743386979415569e-10  -1.967083062725951e-09  -9.486273544218163e-11  -3.686311821441114e-06  6.522686416049397e-06  3.751314451519237e-09  2.076115996215970e-10
1.565000217499992e+01  1.068259231876958e-08  4.235450366225471e-10  1.084308134249396e-08  4.326156584244327e-10  -1.811199017306143e-09  -8.637405205506525e-11  -3.730670457687467e-06  6.628458119399800e-06  3.452012779467030e-09  1.887979806075461e-10
1.570000214999992e+01  9.847346769071636e-09  3.863692398529690e-10  9.994898205703468e-09  3.946131915948783e-10  -1.667775879918873e-09  -7.865508349931234e-11  -3.678671228148624e-06  6.561696777899465e-06  3.176819475717156e-09  1.717124732876960e-10
1.575000212499992e+01  9.078030705502733e-09  3.525015919898230e-10  9.213696287799541e-09  3.599951799857785e-10  -1.535808047243321e-09  -7.163508611277119e-11  -3.533333916361909e-06  6.327079424989677e-06  2.923771925599130e-09  1.561941151854612e-10
1.580000209999992e+01  8.369398289525824e-09  3.216438915443451e-10  8.494143278232895e-09  3.284562794690947e-10  -1.414371930794812e-09  -6.524990922265067e-11  -3.299999890547081e-06  5.933481145140176e-06  2.691069190465994e-09  1.420971530134255e-10
1.585000207499992e+01  7.716624737087688e-09  2.935251755514944e-10  7.831335121311587e-09  2.997190627334976e-10  -1.302619188818144e-09  -5.944137186032721e-11  -2.986155425938426e-06  5.393677691017816e-06  2.477058512705641e-09  1.292895842457999e-10
1.590000204999992e+01  7.115272194124876e-09  2.678991973634103e-10  7.220761283694381e-09  2.735314317051242e-10  -1.199770524040812e-09  -5.415669927150539e-11  -2.601203956691326e-06  4.723954286085385e-06  2.280222963714377e-09  1.176518406697713e-10
1.595000202499992e+01  6.561258407695356e-09  2.445421412962378e-10  6.658272869646019e-09  2.496642732182731e-10  -1.105109999288806e-09  -4.934801339821941e-11  -2.156193909263858e-06  3.943632130628357e-06  2.099170136464047e-09  1.070755998787587e-10
1.600000199999992e+01  6.050827960944993e-09  2.232505515643868e-10  6.140053347717593e-09  2.279093347344652e-10  -1.017979827103915e-09  -4.497187208511877e-11  -1.663509764546653e-06  3.074526002366079e-06  1.932621792909553e-09  9.746271208044653e-11
1.605000197499992e+01  5.580525859593484e-09  2.038394551183654e-10  5.662591672394214e-09  2.080772991545434e-10  -9.377755932750840e-10  -4.098885228057104e-11  -1.136534782626639e-06  2.140347847046932e-06  1.779404384330303e-09  8.872423085842017e-11
1.610000194999991e+01  5.147173275439361e-09  1.861406599701864e-10  5.222657602434339e-09  1.899960397939235e-10  -8.639418776396960e-10  -3.736317296924819e-11  -5.892943856095863e-07  1.166072358601731e-06  1.638440369846850e-09  8.077953766321311e-11
1.615000192499992e+01  4.747845268681858e-09  1.700012123653137e-10  4.817279034257115e-09  1.735090384177672e-10  -7.959682386531533e-10  -3.406235399233151e-11  -3.608952049150005e-08  1.772812316103854e-07  1.508740264866038e-09  7.355555082995596e-11
1.620000189999991e+01  4.379850325770314e-09  1.552819977614232e-10  4.443721183950922e-09  1.584739508805601e-10  -7.333855310936033e-10  -3.105690728902317e-11  5.088705880939466e-07  -8.004969784774557e-07  1.389395357142530e-09  6.698601083753038e-11
1.625000187499991e+01  4.040711563138682e-09  1.418564720191293e-10  4.099467465399517e-09  1.447613064011303e-10  -6.757625288873631e-10  -2.832005743294128e-11  1.031827034698800e-06  -1.742434629096907e-06  1.279571033553362e-09  6.101083434886369e-11
1.630000184999991e+01  3.728149459673028e-09  1.296095105138184e-10  3.782201924764308e-09  1.322533278455597e-10  -6.227028274317649e-10  -2.582748864302181e-11  1.519812297013489e-06  -2.625024234845775e-06  1.178500665612972e-09  5.557553031334256e-11
1.635000182499991e+01  3.440065992193044e-09  1.184363640547584e-10  3.489793103223439e-09  1.208428616010944e-10  -5.738420019758319e-10  -2.355711572417200e-11  1.960965478390433e-06  -3.426654009760176e-06  1.085480006252008e-09  5.063067207882578e-11
1.640000179999991e+01  3.174530058695476e-09  1.082417115602900e-10  3.220279210543930e-09  1.104324067170124e-10  -5.288450006137766e-10  -2.148887664119467e-11  2.344814231305183e-06  -4.128125890170352e-06  9.998620544830113e-10  4.613142006008418e-11
1.645000177499991e+01  2.929764083690932e-09  9.893880039742222e-11  2.971854501836606e-09  1.009332339750781e-10  -4.874037522684145e-10  -1.960454465318040e-11  2.662516828948901e-06  -4.713103900307046e-06  9.210523483158983e-10  4.203709004956774e-11
1.650000174999991e+01  2.704131708741272e-09  9.044866616072678e-11  2.742856758792467e-09  9.226458644319415e-11  -4.492349717064132e-10  -1.788755813712598e-11  2.907058964018745e-06  -5.168482679108414e-06  8.485046496974461e-10  3.831076274133627e-11
1.655000172499991e+01  2.496126479342174e-09  8.269942444817558e-11  2.531755784894087e-09  8.435295387055870e-11  -4.140781451486506e-10  -1.632286641119883e-11  3.073401082278324e-06  -5.484668166423371e-06  7.817169883619729e-10  3.491893047534315e-11
1.660000169999991e+01  2.304361446657023e-09  7.562562789873852e-11  2.337142831601047e-09  7.713141400954561e-11  -3.816936814293941e-10  -1.489679003182631e-11  3.158573371117547e-06  -5.655764791227773e-06  7.202280343210516e-10  3.183117760194574e-11
1.665000167499991e+01  2.127559609352229e-09  6.916768239555252e-11  2.157720879383148e-09  7.053903460626993e-11  -3.518612149290351e-10  -1.359689418643662e-11  3.161716885809141e-06  -5.679665952678246e-06  6.636137713129049e-10  2.901989121998900e-11
1.670000164999990e+01  1.964545126962518e-09  6.327131691596172e-11  1.992295703773114e-09  6.452033039526107e-11  -3.243780476670997e-10  -1.241187393682307e-11  3.084070673941096e-06  -5.558047073366743e-06  6.114844458992411e-10  2.645999936004473e-11
1.675000162499990e+01  1.814235241876062e-09  5.788710203172154e-11  1.839767662380584e-09  5.902476997002924e-11  -2.990577190047529e-10  -1.133145018819396e-11  2.928906116535417e-06  -5.296262970372430e-06  5.634817690584225e-10  2.412873397094999e-11
1.680000159999990e+01  1.675632852217290e-09  5.297001253456801e-11  1.699124144096465e-09  5.400632788615155e-11  -2.757286923776636e-10  -1.034627536730363e-11  2.701411009529643e-06  -4.903153671856638e-06  5.192763490975512e-10  2.200541632588118e-11
1.685000157499990e+01  1.547819682660005e-09  4.847903008905344e-11  1.569432626561986e-09  4.942307779184643e-11  -2.542331493687957e-10  -9.447847890806739e-12  2.408527129633425e-06  -4.390765047191531e-06  4.785653365086426e-10  2.007126269669483e-11
1.690000154999990e+01  1.429950004561714e-09  4.437678220043782e-11  1.449834292417713e-09  4.523682277737408e-11  -2.344258822436386e-10  -8.628434593186823e-12  2.058746135054446e-06  -3.773992662559177e-06  4.410702630407616e-10  1.830920835474351e-11
1.695000152499990e+01  1.321244860805337e-09  4.062921413445892e-11  1.339538158918346e-09  4.141275949307323e-11  -2.161732768141435e-10  -7.881000363226334e-12  1.661869618678746e-06  -3.070159074151652e-06  4.065350587645005e-10  1.670374814514623e-11
1.700000149999990e+01  1.220986754397415e-09  3.720529074155872e-11  1.237815679230844e-09  3.791917291009926e-11  -1.993523781781788e-10  -7.199144309858776e-12  1.228739936748178e-06  -2.298536285785515e-06  3.747242322799404e-10  1.524079205163518e-11
1.705000147499990e+01  1.128514763230511e-09  3.407672542383404e-11  1.143995777154745e-09  3.472715889127790e-11  -1.838500325041054e-10  -6.577041843138185e-12  7.709490629778201e-07  -1.479826293991862e-06  3.454212004757035e-10  1.390753432248643e-11
1.710000144999990e+01  1.043220046497407e-09  3.121773374151306e-11  1.057460280140739e-09  3.181037200492150e-11  -1.695620986000892e-10  -6.009392114664646e-12  3.005331529097648e-07  -6.356134961960331e-07  3.184267553951924e-10  1.269233486633976e-11
1.715000142499990e+01  9.645417110692904e-10  2.860480938975274e-11  9.776397183604419e-10  2.914479625466647e-11  -1.563927235295493e-10  -5.491370314736108e-12  -1.703392608618641e-07  2.121967693020692e-07  2.935576568160672e-10  1.158461175143292e-11
1.720000139999989e+01  8.919630087409340e-10  2.621652048836875e-11  9.040094602188536e-10  2.670853661581166e-11  -1.442536770118223e-10  -5.018584371313261e-12  -6.296774885006585e-07  1.041939156004062e-06  2.706453401089939e-10  1.057474375427248e-11
1.725000137499989e+01  8.250078376223731e-10  2.403332431888229e-11  8.360861571211429e-10  2.448162946546198e-11  -1.330637397845111e-10  -4.587035639087194e-12  -1.065969529786722e-06  1.832734555705863e-06  2.495347298196392e-10  9.653982005249131e-12
1.730000134999990e+01  7.632375231368723e-10  2.203739881691830e-11  7.734244725254718e-10  2.244587017198787e-11  -1.227481415044974e-10  -4.193083205980900e-12  -1.468466118675550e-06  2.565008088988174e-06  2.300831502208272e-10  8.814369870277348e-12
1.735000132499989e+01  7.062478560853545e-10  2.021248928525705e-11  7.156140723503663e-10  2.058465627068659e-11  -1.132380441314219e-10  -3.833411479701854e-12  -1.827441075048058e-06  3.220966190507877e-06  2.121593248162281e-10  8.048670290178919e-12
1.740000129999989e+01  6.536663670729895e-10  1.854376893529131e-11  6.622768556739166e-10  1.888284479868692e-11  -1.044700670734164e-10  -3.505000748860466e-12  -2.134421776371420e-06  3.785021364315328e-06  1.956424574489391e-10  7.350299874122158e-12
1.745000127499989e+01  6.051498182781121e-10  1.701771199368987e-11  6.130644063769312e-10  1.732662249453084e-11  -9.638585068266338e-11  -3.205100442008313e-12  -2.382384408914201e-06  4.244154677160068e-06  1.804213882831355e-10  6.713269110768327e-12
1.750000124999989e+01  5.603818950895788e-10  1.562197822799592e-11  5.676556479558874e-10  1.590338768780941e-11  -8.893165497034657e-11  -2.931204834028059e-12  -2.565909625923453e-06  4.588207777284253e-06  1.663938184896260e-10  6.132128121579633e-12
1.755000122499989e+01  5.190710815576588e-10  1.434530785084687e-11  5.257546851758838e-10  1.460164281291039e-11  -8.205799066893473e-11  -2.681030972892174e-12  -2.681295302243697e-06  4.810098125834916e-06  1.534655979811220e-10  5.601917435653519e-12
1.760000119999989e+01  4.809487049061207e-10  1.317742585853684e-11  4.870888175595773e-10  1.341089657942676e-11  -7.571928000652372e-11  -2.452498621141494e-12  -2.726624203651989e-06  4.905953157818488e-06  1.415500710144073e-10  5.118123315044994e-12
1.765000117499989e+01  4.457671355489921e-10  1.210895494669517e-11  4.514067109251125e-10  1.232157492104549e-11  -6.987354477496467e-11  -2.243712025735373e-12  -2.701785555213287e-06  4.875161196084314e-06  1.305674749081582e-10  4.676637204344137e-12
1.770000114999988e+01  4.132981301533897e-10  1.113133622477594e-11  4.184767143033866e-10  1.132493992566029e-11  -6.448211947241665e-11  -2.052943347389085e-12  -2.608450666593473e-06  4.720339071694221e-06  1.204443875202887e-10  4.273718918759017e-12
1.775000112499989e+01  3.833313062979625e-10  1.023675702261495e-11  3.880853105908738e-10  1.041301602282233e-11  -5.950938748329981e-11  -1.878617596318622e-12  -2.450003924119552e-06  4.447218503091045e-06  1.111132194905520e-10  3.905963221539338e-12
1.780000109999989e+01  3.556727382022620e-10  9.418085147207447e-12  3.600356902362465e-10  9.578522771172968e-12  -5.492253842579286e-11  -1.719298935617795e-12  -2.231431560904738e-06  4.064455302773092e-06  1.025117475855149e-10  3.570269474642444e-12
1.785000107499988e+01  3.301436638526056e-10  8.668809006721655e-12  3.341464381241269e-10  8.814813648840357e-12  -5.069134495029457e-11  -1.573678226442061e-12  -1.959171640852683e-06  3.583367364408908e-06  9.458268578656971e-11  3.263814076435084e-12
1.790000104999988e+01  3.065792946309138e-10  7.982983072158291e-12  3.102503246138159e-10  8.115820304510394e-12  -4.678795741282154e-11  -1.440561700897802e-12  -1.640929615334505e-06  3.017609089919519e-06  8.727329103973731e-11  2.984025427251131e-12
1.795000102499988e+01  2.848277192703513e-10  7.355178195510553e-12  2.881931924206212e-10  7.476001776531292e-12  -4.318671497621162e-11  -1.318860659152436e-12  -1.285464611235622e-06  2.382791405267596e-06  8.053500084078536e-11  2.728561188064588e-12
1.800000099999988e+01  2.647488946205813e-10  6.780436347236611e-12  2.678329316977747e-10  6.890298232458038e-12  -3.986397181022614e-11  -1.207582096895798e-12  -9.023522678366495e-07  1.696057750949581e-06  7.432310006264328e-11  2.495287619641447e-12
1.805000097499988e+01  2.462137163108898e-10  6.254229375749900e-12  2.490385362927912e-10  6.354088822320595e-12  -3.679793717008453e-11  -1.105820177992441e-12  -5.017304430357889e-07  9.756273915251540e-07  6.859641464605395e-11  2.282260809528391e-12
1.810000094999988e+01  2.291031629557257e-10  5.772421427841803e-12  2.316892347179528e-10  5.863153275999080e-12  -3.396852823244376e-11  -1.012748475054436e-12  -9.403444674105631e-08  2.403180475247658e-07  6.331702997049874e-11  2.087709612326297e-12
1.815000092499988e+01  2.133075080584022e-10  5.331234701821896e-12  2.156736898945258e-10  5.413636908764599e-12  -3.135723465910049e-11  -9.276129078127922e-13  3.102713754135257e-07  -4.909397989002631e-07  5.845003190218339e-11  1.910020145065210e-12
1.820000089999988e+01  1.987255942384855e-10  4.927218235004989e-12  2.008892622081076e-10  5.002018729616436e-12  -2.894699394243147e-11  -8.497253156436222e-13  7.009588929196496e-07  -1.199584540942969e-06  5.396326868067764e-11  1.747721694311291e-12
1.825000087499988e+01  1.852641648401832e-10  4.557219454274250e-12  1.872413308516017e-10  4.625082374804797e-12  -2.672207666342447e-11  -7.784576064760825e-13  1.068291639573264e-06  -1.867888922469391e-06  4.982713195690385e-11  1.599473905045577e-12
1.830000084999988e+01  1.728372483759313e-10  4.218358243061763e-12  1.746426688359194e-10  4.279889614136074e-12  -2.466798086366379e-11  -7.132364296307267e-13  1.403264167342584e-06  -2.479397827168918e-06  4.601435543373334e-11  1.464055133493456e-12
1.835000082499987e+01  1.613655916242299e-10  3.908003300443695e-12  1.630128674195013e-10  3.963756200552466e-12  -2.277133479734497e-11  -6.535383249611735e-13  1.697819506779808e-06  -3.019327718233406e-06  4.249982968753436e-11  1.340351857075284e-12
1.840000079999987e+01  1.507761375362185e-10  3.623750588356702e-12  1.522778060488260e-10  3.674229854275046e-12  -2.101980738878618e-11  -5.988853050459790e-13  1.945039569540174e-06  -3.474918182271105e-06  3.926043186557930e-11  1.227349044602481e-12
1.845000077499987e+01  1.410015444139065e-10  3.363403681395416e-12  1.423691642156584e-10  3.409070191694146e-12  -1.940202577541837e-11  -5.488408311438425e-13  2.139304082750857e-06  -3.835727372683238e-06  3.627486906115942e-11  1.124121398859077e-12
1.850000074999987e+01  1.319797431066052e-10  3.124955850420227e-12  1.332239719251444e-10  3.166230426360023e-12  -1.790749936627670e-11  -5.030061472222281e-13  2.276414498852647e-06  -4.093864676201901e-06  3.352353426636616e-11  1.029825391875852e-12
1.855000072499987e+01  1.236535292329493e-10  2.906573726446009e-12  1.247841957340440e-10  2.943840685030130e-12  -1.652654989195268e-11  -4.610169396319048e-13  2.353680255664565e-06  -4.244155601819712e-06  3.098837389252863e-11  9.436920206041404e-13
1.860000069999987e+01  1.159701876758329e-10  2.706582405137708e-12  1.169963575622986e-10  2.740192795912346e-12  -1.525024696413704e-11  -4.225402929592583e-13  2.369965744923226e-06  -4.284235668599202e-06  2.865276593092945e-11  8.650202174019122e-13
1.865000067499987e+01  1.088811468182983e-10  2.523451864835746e-12  1.098111837054879e-10  2.553726419137456e-12  -1.407034870159890e-11  -3.872719152729589e-13  2.325697358620727e-06  -4.214571902919696e-06  2.650140790225965e-11  7.931708558225885e-13
1.870000064999987e+01  1.023416601914925e-10  2.355784582489592e-12  1.031832816821507e-10  2.383016401218428e-12  -1.297924701499197e-11  -3.549336084173862e-13  2.222830994896798e-06  -4.038412399092338e-06  2.452021381290256e-11  7.275612977064412e-13
1.875000062499987e+01  9.631051339267426e-11  2.202304242296779e-12  9.707084273987330e-11  2.226761245916723e-12  -1.196991717551199e-11  -3.252709612154387e-13  2.064781394107480e-06  -3.761666203798246e-06  2.269621940006874e-11  6.676604325697591e-13
1.880000059999987e+01  9.074975430323859e-11  2.061845441322952e-12  9.143536801884660e-11  2.083772603634901e-12  -1.103587132239202e-11  -2.980512454490228e-13  1.856315616203235e-06  -3.392717509767082e-06  2.101749500651260e-11  6.129841648168620e-13
1.885000057499986e+01  8.562444479503833e-11  1.933344305002804e-12  8.624141653248514e-11  1.952965690279272e-12  -1.017111559173073e-11  -2.730614963057218e-13  1.603413840186983e-06  -2.942179744968059e-06  1.947306547949040e-11  5.630913084087500e-13
1.890000054999987e+01  8.090243225904172e-11  1.815829933270782e-12  8.145637327282538e-11  1.833350554566748e-12  -9.370110574404626e-12  -2.501067606321190e-13  1.313101444067991e-06  -2.422596582504899e-06  1.805283653816145e-11  5.175798523495902e-13
1.895000052499987e+01  7.655413942459238e-11  1.708416605215596e-12  7.705023588482180e-11  1.724024120059785e-12  -8.627734834001100e-12  -2.290084978336425e-13  9.932569913777060e-07  -1.848098138542510e-06  1.674752709915831e-11  4.760835637343850e-13
1.900000049999986e+01  7.255237106117674e-11  1.610296676658760e-12  7.299541847929207e-11  1.624162934868611e-12  -7.939251236994633e-12  -2.096031196217265e-13  6.524012927938798e-07  -1.234021643501199e-06  1.554860709189592e-11  4.382688981708725e-13
1.905000047499986e+01  6.887213626851946e-11  1.520734110983302e-12  6.926657127000872e-11  1.533016568021291e-12  -7.300275866925929e-12  -1.917406560443683e-13  2.994731166141880e-07  -5.965066419403201e-07  1.444824033365560e-11  4.038321901752910e-13
1.910000044999986e+01  6.549048516581668e-11  1.439058588938073e-12  6.584041482710663e-11  1.449901597024176e-12  -6.706749312276334e-12  -1.752835363573892e-13  -5.640261821008473e-08  4.792471624350203e-08  1.343923206985586e-11  3.724970986720206e-13
1.915000042499986e+01  6.238635888770945e-11  1.364660148064129e-12  6.269558783731287e-11  1.374196136167849e-12  -6.154910134185409e-12  -1.601054743113717e-13  -4.061482228720258e-07  6.827914961217958e-07  1.251498081746351e-11  3.440122850254453e-13
1.920000039999986e+01  5.954045188387275e-11  1.296984306876632e-12  5.981250735219899e-11  1.305334859721776e-12  -5.641270335257792e-12  -1.460904483528650e-13  -7.409622904072598e-07  1.292071152530463e-06  1.166943417944270e-11  3.181493031205177e-13
1.925000037499986e+01  5.693508560146479e-11  1.235527633028709e-12  5.717324058933043e-11  1.242804478345741e-12  -5.162592664554293e-12  -1.331317680766186e-13  -1.052538703696166e-06  1.860599612484668e-06  1.089704832570726e-11  2.947006829063380e-13
1.930000034999986e+01  5.455409270572120e-11  1.179833718419143e-12  5.476138742842848e-11  1.186139630865028e-12  -4.715869606561727e-12  -1.211312190261285e-13  -1.333270214439186e-06  2.374444387333099e-06  1.019275086142918e-11  2.734781905425930e-13
1.935000032499986e+01  5.238271106421215e-11  1.129489527616777e-12  5.256197281599854e-11  1.134919157043143e-12  -4.298303913576888e-12  -1.099982786297088e-13  -1.576431667731023e-06  2.821241646633436e-06  9.551906826950217e-12  2.543112498581688e-13
1.940000029999986e+01  5.040748678519266e-11  1.084122089091321e-12  5.056134835780701e-11  1.088762720171576e-12  -3.907290551606221e-12  -9.964939668503593e-14  -1.776338524499646e-06  3.190489213145815e-06  8.970287595110731e-12  2.370455112594007e-13
1.945000027499986e+01  4.861618566051408e-11  1.043395501590199e-12  4.874710243956433e-11  1.047327751208754e-12  -3.540399939650280e-12  -9.000733437243351e-14  -1.928477013024284e-06  3.473788654600427e-06  8.444042451707620e-12  2.215415555257265e-13
1.950000024999985e+01  4.699771241913935e-11  1.007008230609296e-12  4.710797827260861e-11  1.010306688865565e-12  -3.195362371181006e-12  -8.100055629131214e-14  -2.029603002968478e-06  3.665031019935296e-06  7.969672663162012e-12  2.076737211150388e-13
1.955000022499985e+01  4.554203724879510e-11  9.746906722946248e-13  4.563379931367136e-11  9.774244924758812e-13  -2.870053514794149e-12  -7.256267047989685e-14  -2.077807520474471e-06  3.760522259097528e-06  7.544007852449439e-12  1.953290446807867e-13
1.960000019999985e+01  4.424012909105520e-11  9.462029643029109e-13  4.431540155630273e-11  9.484364067288108e-13  -2.562480898487207e-12  -6.463191179995050e-14  -2.072547689388382e-06  3.759045937274741e-06  7.164184520042506e-12  1.844063054879335e-13
1.965000017499985e+01  4.308389525950027e-11  9.213330251607697e-13  4.314457223656252e-11  9.231259593941363e-13  -2.270771288828558e-12  -5.715066444951787e-14  -2.014642769442042e-06  3.661862465930563e-06  6.827626561148269e-12  1.748151653142643e-13
1.970000014999985e+01  4.206612697184614e-11  8.998948055119403e-13  4.211399453745889e-11  9.013031750615126e-13  -1.993158882494619e-12  -5.006501971128178e-14  -1.906235844708550e-06  3.472645683422900e-06  6.532027643993095e-12  1.664753962455105e-13
1.975000012499985e+01  4.118045042534939e-11  8.817267363456725e-13  4.121719791561370e-11  8.828029896535358e-13  -1.727974233303537e-12  -4.332436535511072e-14  -1.750722572697509e-06  3.197359186724031e-06  6.275335326412758e-12  1.593161895248679e-13
1.980000009999985e+01  4.042128308064754e-11  8.666903608714485e-13  4.044851371002018e-11  8.674838520776583e-13  -1.473633843006364e-12  -3.688100339364929e-14  -1.552649215166518e-06  2.844076304079813e-06  6.055736799630619e-12  1.532755393065268e-13
1.985000007499985e+01  3.978379485270742e-11  8.546691381589735e-13  3.980303572677651e-11  8.552265008657201e-13  -1.228630348746944e-12  -3.068979314194493e-14  -1.317582916049975e-06  2.422748969841943e-06  5.871646158934764e-12  1.482996957950527e-13
1.990000004999985e+01  3.926387393896753e-11  8.455674080100293e-13  3.927658552555449e-11  8.459329050250192e-13  -9.915232443031345e-13  -2.470781675844530e-14  -1.051957852293643e-06  1.944931984339278e-06  5.721693111070497e-12  1.443426828335249e-13
1.995000002499985e+01  3.885809704427190e-11  8.393095077815752e-13  3.886568216350912e-11  8.395253596028877e-13  -7.609300760049137e-13  -1.889406464733772e-14  -7.629014442373925e-07  1.423470184654266e-06  5.604713037617504e-12  1.413658755384559e-13
1.999999999999984e+01  3.856370379000083e-11  8.358390330476811e-13  3.856751618054671e-11  8.359457276581519e-13  -5.355180576167368e-13  -1.320913828302032e-14  -4.580452606602297e-07  8.721568926203021e-07  5.568363520154072e-12  1.404720878841753e-13
