1.000000000000000e-05  9.429282786188127e-02  8.992027381401260e-02  9.754296595935028e-02  9.213931745069348e-02  -6.904323259618419e-07  -7.103626930781669e-07  8.482404884854354e-02  -8.353349908568077e-02  -2.161487996172445e-02  -2.228143398280630e-02
5.000997500000001e-02  9.426185824673119e-02  8.989351719800541e-02  9.751792086016257e-02  9.211678116665759e-02  -2.895170293926981e-04  -2.980828420866208e-04  8.479546727389815e-02  -8.350898791781944e-02  -2.161487996172445e-02  -2.228143398280630e-02
1.000099500000000e-01  9.409959148448972e-02  8.975445711447999e-02  9.737110013737463e-02  9.198906660317946e-02  -5.751935204915871e-04  -5.932932809515203e-04  8.471002994851519e-02  -8.343579304664815e-02  -2.141998178582954e-02  -2.213620018370826e-02
1.500099250000000e-01  9.382813194546043e-02  8.952132539554185e-02  9.712519518065091e-02  9.177475341101166e-02  -8.528427017355022e-04  -8.825100562830622e-04  8.456858673316389e-02  -8.331486723649528e-02  -2.100610747437190e-02  -2.182702866630785e-02
2.000099000000000e-01  9.345200667808869e-02  8.919714305145461e-02  9.678441155979536e-02  9.147668709838096e-02  -1.118633479107545e-03  -1.162853066279132e-03  8.437254204742682e-02  -8.314778460181999e-02  -2.043259263974711e-02  -2.139762109376269e-02
2.500098750000000e-01  9.297591295691562e-02  8.878478537330485e-02  9.635299196284217e-02  9.109749795727547e-02  -1.368871745409495e-03  -1.431523961375496e-03  8.412383711898250e-02  -8.293672017436640e-02  -1.970609773077038e-02  -2.085207549797727e-02
3.000098500000000e-01  9.240554370994732e-02  8.828769786739186e-02  9.583605750390575e-02  9.064032447289916e-02  -1.600066915163338e-03  -1.685844909891286e-03  8.382492544459691e-02  -8.268442165000056e-02  -1.883485501360531e-02  -2.019534468176549e-02
3.500098250000000e-01  9.174767860637707e-02  8.771000397783485e-02  9.523970187165423e-02  9.010892194791217e-02  -1.808983672203302e-03  -1.923291583498976e-03  8.347874176953164e-02  -8.239417366222200e-02  -1.782873137734865e-02  -1.943336911719352e-02
4.000098000000000e-01  9.101013861671529e-02  8.705650094298865e-02  9.457095185744492e-02  8.950766107035690e-02  -1.992689290255483e-03  -2.141521299730065e-03  8.308866497303828e-02  -8.206975502118509e-02  -1.669917871453653e-02  -1.857303109578335e-02
4.500097749999999e-01  9.020170843618820e-02  8.633263337144755e-02  9.383769748150267e-02  8.884150497008364e-02  -2.148597564277216e-03  -2.338399446735789e-03  8.265847532371558e-02  -8.171538944356797e-02  -1.545914517543860e-02  -1.762210942790723e-02
5.000097499999999e-01  8.933204205544720e-02  8.554445641207380e-02  9.304860672689717e-02  8.811597634492417e-02  -2.274509255390623e-03  -2.512023800886090e-03  8.219230663876237e-02  -8.133569037871817e-02  -1.412296440090743e-02  -1.658921789211050e-02
5.500097250000000e-01  8.841155558524046e-02  8.469859098017860e-02  9.221302888718404e-02  8.733711698310780e-02  -2.368648644994211e-03  -2.660746789980017e-03  8.169459394471230e-02  -8.093560060922336e-02  -1.270622584553023e-02  -1.548373815468919e-02
6.000097000000000e-01  8.745130914191809e-02  8.380217153490578e-02  9.134088828001352e-02  8.651144009168137e-02  -2.429695694996120e-03  -2.783195538049503e-03  8.117001729327884e-02  -8.052032736849930e-02  -1.122562674144959e-02  -1.431574661384442e-02
6.500096750000000e-01  8.646287907492418e-02  8.286278643296408e-02  9.044256955287455e-02  8.564587539762164e-02  -2.456813268377599e-03  -2.878289562388670e-03  8.062344243374432e-02  -8.009527377337176e-02  -9.698805644286801e-03  -1.309593621757185e-02
7.000096499999999e-01  8.545822175794549e-02  8.188841081784748e-02  8.952879572685557e-02  8.474770694040246e-02  -2.449668844182845e-03  -2.945255978796299e-03  8.005985908235203e-02  -7.966596741527221e-02  -8.144157504811841e-03  -1.183553333376108e-02
7.500096250000000e-01  8.444953025450698e-02  8.088733208559913e-02  8.861050018149912e-02  8.382450357305526e-02  -2.408450157454512e-03  -2.983642068727962e-03  7.948431755883270e-02  -7.923798698901022e-02  -6.580630501162491e-03  -1.054620964125999e-02
8.000096000000001e-01  8.344908531442451e-02  7.986806812440828e-02  8.769869389042956e-02  8.288404236039613e-02  -2.333874208997863e-03  -2.993325051623582e-03  7.890186458023998e-02  -7.881688786268436e-02  -5.027505354459092e-03  -9.239988775888101e-03
8.500095750000002e-01  8.246910232527098e-02  7.883927872943863e-02  8.680432934179774e-02  8.193422528148633e-02  -2.227189125730943e-03  -2.974518892322101e-03  7.831747901234754e-02  -7.840812750584983e-02  -3.504158496817561e-03  -7.929147344758738e-03
9.000095500000003e-01  8.152157601565323e-02  7.780967083249463e-02  8.593816270510694e-02  8.098298989394963e-02  -2.090168413564906e-03  -2.927777957714531e-03  7.773600837892455e-02  -7.801699169539365e-02  -2.029811232090151e-03  -6.626109865654288e-03
9.500095250000002e-01  8.061812487218495e-02  7.678789844719143e-02  8.511061592707778e-02  8.003821488830226e-02  -1.925097234279516e-03  -2.853997321598157e-03  7.716210691919830e-02  -7.764852240966080e-02  -6.232678850123570e-04  -5.343337225465705e-03
1.000009500000000e+00  7.976983737832713e-02  7.578245850223823e-02  8.433164054574981e-02  7.910762173807220e-02  -1.734750457266489e-03  -2.754409505213604e-03  7.660017596392540e-02  -7.730744830130235e-02  6.973531787576493e-04  -4.093208388912464e-03
1.050009475000000e+00  7.898712229973055e-02  7.480158400469437e-02  8.361058509619322e-02  7.819867392181794e-02  -1.522362385887688e-03  -2.630577436706774e-03  7.605430737092997e-02  -7.699811860835180e-02  1.914890923401946e-03  -2.887895331003759e-03
1.100009450000000e+00  7.827956531667618e-02  7.385313622652184e-02  8.295606803540606e-02  7.731847544050177e-02  -1.291588233832041e-03  -2.484383419261063e-03  7.552823072215177e-02  -7.672444132153820e-02  3.013409909596624e-03  -1.739231509973633e-03
1.150009425000001e+00  7.765579432980968e-02  7.294449782544751e-02  8.237585813099478e-02  7.647367056169813e-02  -1.046457624161500e-03  -2.318013918089718e-03  7.502526493666117e-02  -7.648982637431133e-02  3.978459373003784e-03  -6.585746296483360e-04
1.200009400000001e+00  7.712335573232232e-02  7.208246897918912e-02  8.187676423174510e-02  7.567034687489928e-02  -7.913205953727970e-04  -2.133940013444353e-03  7.454827489835519e-02  -7.629713456115320e-02  4.797316670647476e-03  3.433350591220030e-04
1.250009375000001e+00  7.668860384401795e-02  7.127316871590267e-02  8.146453626319468e-02  7.491394382542987e-02  -5.307868155546760e-04  -1.934893421968326e-03  7.409963363385942e-02  -7.614863282017867e-02  5.459208569394389e-03  1.256519127190385e-03
1.300009350000000e+00  7.635660553728577e-02  7.052194365125813e-02  8.114377916471749e-02  7.420916889684613e-02  -2.696589171028698e-04  -1.723838062659962e-03  7.368119050637237e-02  -7.604595643869640e-02  5.955504077209683e-03  2.071905667497815e-03
1.350009325000000e+00  7.613106185231942e-02  6.983328628559744e-02  8.091788130565773e-02  7.355992352595923e-02  -1.286105947215356e-05  -1.503937235681260e-03  7.329424581563114e-02  -7.599007865622739e-02  6.279873060163622e-03  2.781471471948578e-03
1.400009300000000e+00  7.601424810322789e-02  6.921076486967485e-02  8.078895868864752e-02  7.296924065867720e-02  2.346360045457715e-04  -1.278516590165544e-03  7.293953211389777e-02  -7.598128804952101e-02  6.428405729382496e-03  3.378378382738711e-03
1.450009275000000e+00  7.600697362604707e-02  6.865696661641402e-02  8.075781597322666e-02  7.243923559229243e-02  4.678919519442957e-04  -1.051023177630892e-03  7.261720246383123e-02  -7.601917398948889e-02  6.399689181442355e-03  3.857100175957193e-03
1.500009250000000e+00  7.610856192568660e-02  6.817345572639209e-02  8.082392503994260e-02  7.197107141004454e-02  6.820745071944349e-04  -8.249810159948315e-04  7.232682577744248e-02  -7.610262036186111e-02  6.194838471568235e-03  4.213536134115326e-03
1.550009225000000e+00  7.631685155609388e-02  6.776074731909235e-02  8.098542147453326e-02  7.156493991155023e-02  8.725361205350024e-04  -6.039437199557378e-04  7.206738928712088e-02  -7.622980764297731e-02  5.817481114580991e-03  4.445107427022233e-03
1.600009200000000e+00  7.662821763302514e-02  6.741829793752764e-02  8.123911899598164e-02  7.122005849728553e-02  1.034888184138674e-03  -3.914448804673079e-04  7.183730811109459e-02  -7.639822332073816e-02  5.273695358708788e-03  4.550832562659423e-03
1.650009175000000e+00  7.703761344942479e-02  6.714451284105580e-02  8.158054149495769e-02  7.093468299913508e-02  1.165071323768301e-03  -1.909469927324281e-04  7.163444178781524e-02  -7.660468054957570e-02  4.571903976605656e-03  4.531378496175799e-03
1.700009150000000e+00  7.753863125698578e-02  6.693676984227478e-02  8.200397200470887e-02  7.070613598598974e-02  1.259420408752271e-03  -5.789832272704132e-06  7.145611756771404e-02  -7.684534482867765e-02  3.722726588019192e-03  4.389084489269639e-03
1.750009125000000e+00  7.812358091004205e-02  6.679145900111885e-02  8.250251760861259e-02  7.053084963710514e-02  1.314723066555267e-03  1.608607435769454e-04  7.129916016770184e-02  -7.711576839582190e-02  2.738794605501439e-03  4.127956476530127e-03
1.800009100000000e+00  7.878358475306059e-02  6.670403708353188e-02  8.306818900966766e-02  7.040442188806219e-02  1.328270661481608e-03  3.060625408025905e-04  7.115992761472574e-02  -7.741093193627546e-02  1.634533733578405e-03  3.753630492499332e-03
1.850009075000000e+00  7.950868688075170e-02  6.666909534134725e-02  8.369199325708652e-02  7.032168423283161e-02  1.297900890722694e-03  4.271442727801453e-04  7.103435273064325e-02  -7.772529311845718e-02  4.259195301620231e-04  3.273304608146395e-03
1.900009050000000e+00  8.028797471623522e-02  6.668043888825818e-02  8.436403795065998e-02  7.027677932411779e-02  1.222031355498154e-03  5.217492689109271e-04  7.091798974258816e-02  -7.805284138652836e-02  -8.697881435978972e-04  2.695639777552072e-03
1.950009024999999e+00  8.110971073948944e-02  6.673117574332743e-02  8.507364512789879e-02  7.026324636093974e-02  1.099683671522724e-03  5.878746605402752e-04  7.080606544173071e-02  -7.838715836580942e-02  -2.234325882253153e-03  2.030630961572787e-03
2.000008999999999e+00  8.196147215290880e-02  6.681381349268521e-02  8.580947298158492e-02  7.027411218975120e-02  9.304978838144880e-04  6.239051368358828e-04  7.069353425963698e-02  -7.872148317081087e-02  -3.648716928804080e-03  1.289450831761576e-03
2.050008974999999e+00  8.283029628685898e-02  6.692036148132814e-02  8.655964355216045e-02  7.030198607029846e-02  7.147371400324749e-04  6.286404737707443e-04  7.057513658598535e-02  -7.904878184857994e-02  -5.093565310969402e-03  4.842692240837391e-04
2.100008949999999e+00  8.370282961624681e-02  6.704243648524856e-02  8.731187458315048e-02  7.033915616195424e-02  4.532827501405145e-04  6.013161766361766e-04  7.044545961475299e-02  -7.936182014264535e-02  -6.549348820078168e-03  -3.719477281424209e-04
2.150008924999999e+00  8.456547836787257e-02  6.717136992072885e-02  8.805361380901781e-02  7.037768595850297e-02  1.476199162420393e-04  5.416167358031632e-04  7.029899997857079e-02  -7.965323872572207e-02  -7.996706174847582e-03  -1.265654228900728e-03
2.200008899999999e+00  8.540455883534123e-02  6.729831481090418e-02  8.877217405258796e-02  7.040950912436476e-02  -2.001854453409628e-04  4.496811711208912e-04  7.013022741308161e-02  -7.991563002292321e-02  -9.416714165083507e-03  -2.182952203289736e-03
2.250008874999999e+00  8.620644567142743e-02  6.741435093608825e-02  8.945486763225574e-02  7.042652144627663e-02  -5.875182461678187e-04  3.261007262104512e-04  6.993364868500934e-02  -8.014161573182697e-02  -1.079115099942930e-02  -3.109824119687554e-03
2.300008849999999e+00  8.695771658615366e-02  6.751058682937909e-02  9.008913870712273e-02  7.042066889407721e-02  -1.011253481650517e-03  1.719087635495538e-04  6.970387101930081e-02  -8.032392414153067e-02  -1.210274246682235e-02  -4.032365826427256e-03
2.350008824999999e+00  8.764529203372702e-02  6.757825752817005e-02  9.066269231222740e-02  7.038403106544122e-02  -1.467802456367979e-03  -1.143690175022816e-05  6.943566427206994e-02  -8.045546635979012e-02  -1.333538785762377e-02  -4.937014044330263e-03
2.400008799999998e+00  8.825656861687636e-02  6.760881724157063e-02  9.116361894971611e-02  7.030889955652027e-02  -1.953165150425879e-03  -2.220788133177735e-04  6.912402111694776e-02  -8.052941057535898e-02  -1.447436288501797e-02  -5.810763391933363e-03
2.450008774999998e+00  8.877954507001364e-02  6.759402633097034e-02  9.158051370156718e-02  7.018785103993022e-02  -2.462987823839267e-03  -4.577912500082960e-04  6.876421454248152e-02  -8.053925351142953e-02  -1.550649711857477e-02  -6.641368212218389e-03
2.500008749999998e+00  8.920293980284687e-02  6.752603221550919e-02  9.190258891463551e-02  7.001381503256231e-02  -2.992624889785546e-03  -7.160174428871051e-04  6.835185199698723e-02  -8.047888826520902e-02  -1.642032371535473e-02  -7.417524999427487e-03
2.550008724999999e+00  8.951629909588625e-02  6.739744399773702e-02  9.211977958127782e-02  6.978013649055269e-02  -3.537204030708467e-03  -9.939117869553070e-04  6.788292556416910e-02  -8.034266777758392e-02  -1.720619953803899e-02  -8.129031869592006e-03
2.600008699999999e+00  8.971009514272897e-02  6.720140075135038e-02  9.222284060268629e-02  6.948063347294271e-02  -4.091693485414604e-03  -1.288386107350028e-03  6.735385760719433e-02  -8.012546323484837e-02  -1.785639411109056e-02  -8.766922253320916e-03
2.650008674999999e+00  8.977581323595837e-02  6.693163351915983e-02  9.220343518262036e-02  6.910965016785495e-02  -4.650970403171904e-03  -1.596158974079829e-03  6.676154137998355e-02  -7.982271677078161e-02  -1.836514630595069e-02  -9.323570786812391e-03
2.700008649999999e+00  8.970602749916949e-02  6.658252113467865e-02  9.205421366261081e-02  6.866210557752114e-02  -5.209889145669894e-03  -1.913807023702519e-03  6.610337617139603e-02  -7.943048791106609e-02  -1.872868817641631e-02  -9.792770208353674e-03
2.750008625000000e+00  8.949446467898958e-02  6.614914000479345e-02  9.176888217926925e-02  6.813353811439560e-02  -5.763348422963909e-03  -2.237817240848349e-03  6.537729661979436e-02  -7.894549328210179e-02  -1.894523579673250e-02  -1.016977884664626e-02
2.800008600000000e+00  8.913605559821539e-02  6.562730799731289e-02  9.134226057119953e-02  6.752014629786840e-02  -6.306356163206411e-03  -2.564639171671677e-03  6.458179591119681e-02  -7.836513919163486e-02  -1.901494878316311e-02  -1.045133943886678e-02
2.850008575000000e+00  8.862697419305243e-02  6.501362242100506e-02  9.077032925377009e-02  6.681882550957324e-02  -6.834091162120796e-03  -2.890736119884531e-03  6.371594265281980e-02  -7.768754677810762e-02  -1.893985829926289e-02  -1.063566998673267e-02
2.900008550000000e+00  8.796466373971254e-02  6.430549229257482e-02  9.005026442087734e-02  6.602720092590655e-02  -7.341960407593415e-03  -3.212634381886561e-03  6.277939129418737e-02  -7.691156951806072e-02  -1.872376667472472e-02  -1.072242880434140e-02
2.950008525000000e+00  8.714785059228379e-02  6.350116463671927e-02  8.918046164356901e-02  6.514365621806233e-02  -7.825651396074787e-03  -3.526969767481616e-03  6.177238604908370e-02  -7.603680297502415e-02  -1.837212270561940e-02  -1.071265655739637e-02
3.000008500000000e+00  8.617654546641665e-02  6.259974472266307e-02  8.816054762308746e-02  6.416735774037839e-02  -8.281178650614361e-03  -3.830530694128862e-03  6.069575835232686e-02  -7.506358676789926e-02  -1.789187443213274e-02  -1.060869766489172e-02
3.050008475000001e+00  8.505203258889744e-02  6.160120994198601e-02  8.699138014343857e-02  6.309827368715162e-02  -8.704923898519516e-03  -4.120297294609756e-03  5.955091796459045e-02  -7.399299883058015e-02  -1.729130458859561e-02  -1.041410460031821e-02
3.100008450000001e+00  8.377684710946164e-02  6.050641695093927e-02  8.567503635155301e-02  6.193718759620967e-02  -9.093669515698045e-03  -4.393476102280246e-03  5.833983791525053e-02  -7.282684212628754e-02  -1.657985306180513e-02  -1.013352843150384e-02
3.150008425000001e+00  8.235474124993739e-02  5.931710161741822e-02  8.421478958921537e-02  6.068570548517802e-02  -9.444625016956245e-03  -4.647530007026650e-03  5.706503354647368e-02  -7.156762406858309e-02  -1.576793106436863e-02  -9.772599007062425e-03
3.200008400000001e+00  8.079063971948582e-02  5.803587125266651e-02  8.261507508073912e-02  5.934625584840671e-02  -9.755446542568399e-03  -4.880203298417308e-03  5.572953599056402e-02  -7.021852898517976e-02  -1.486673167920349e-02  -9.337798059717980e-03
3.250008375000002e+00  7.909058495182593e-02  5.666618857682237e-02  8.088144484071423e-02  5.792208172362310e-02  -1.002424945306839e-02  -5.089541725303290e-03  5.433686047606737e-02  -6.878338403936923e-02  -1.388804116134110e-02  -8.836328226062541e-03
3.300008350000001e+00  7.726167272472799e-02  5.521234687243234e-02  7.902051220867816e-02  5.641722406237109e-02  -1.024961428861229e-02  -5.273907599035937e-03  5.289096991551535e-02  -6.726661909621133e-02  -1.284405490944848e-02  -8.275980602189240e-03
3.350008325000002e+00  7.531197871045815e-02  5.367943582656641e-02  7.703988644650180e-02  5.483649571036076e-02  -1.043058646968306e-02  -5.431990047436891e-03  5.139623427827472e-02  -6.567322108564402e-02  -1.174720137499750e-02  -7.665002997203491e-03
3.400008300000002e+00  7.325047648779022e-02  5.207329765430341e-02  7.494809785655808e-02  5.318544542467577e-02  -1.056667020731022e-02  -5.562810586983350e-03  4.985738629517567e-02  -6.400868347164058e-02  -1.060997641010982e-02  -7.011970550736565e-03
3.450008275000002e+00  7.108694753311395e-02  5.040047323651263e-02  7.275451390331360e-02  5.147031152443405e-02  -1.065781715050783e-02  -5.665724221263132e-03  4.827947407693061e-02  -6.227895148478467e-02  -9.444789725945946e-03  -6.325659889452440e-03
3.500008250000002e+00  6.883188371223484e-02  4.866813819330023e-02  7.046924685784658e-02  4.969796498818244e-02  -1.070441032595035e-02  -5.740416296190630e-03  4.666781125547770e-02  -6.049036381464815e-02  -8.263824309148560e-03  -5.614927555144975e-03
3.550008225000003e+00  6.649638282713190e-02  4.688402904891689e-02  6.810305354374080e-02  4.787584207113927e-02  -1.070724392228715e-02  -5.786895349932493e-03  4.502792527603545e-02  -5.864959148774405e-02  -7.078908892361724e-03  -4.888593084069233e-03
3.600008200000003e+00  6.409203784248174e-02  4.505635991912431e-02  6.566722785207844e-02  4.601186681211083e-02  -1.066749944369806e-02  -5.805482192507285e-03  4.336550447773775e-02  -5.676357467633789e-02  -5.901402958856363e-03  -4.155326886674875e-03
3.650008175000003e+00  6.163082053082632e-02  4.319373045958614e-02  6.317348681822407e-02  4.411436412464705e-02  -1.058671871117161e-02  -5.796795442086486e-03  4.168634460221424e-02  -5.483945819294125e-02  -4.742093331585864e-03  -3.423542990097268e-03
3.700008150000003e+00  5.912496043375477e-02  4.130502614209554e-02  6.063385121510717e-02  4.219196450821054e-02  -1.046677413388214e-02  -5.761733738034130e-03  3.999629536254723e-02  -5.288452642489989e-02  -3.611101186829340e-03  -2.701296768605608e-03
3.750008125000003e+00  5.658682023478753e-02  3.939931225957437e-02  5.806052181331615e-02  4.025350175865883e-02  -1.030983661597847e-02  -5.701454850343870e-03  3.830120768989535e-02  -5.090613845332221e-02  -2.517798353360582e-03  -1.996187988493577e-03
3.800008100000003e+00  5.402876886746588e-02  3.748572338332650e-02  5.546575267888919e-02  3.830790538677107e-02  -1.011834141487156e-02  -5.617351916119579e-03  3.660688225210116e-02  -4.891166408096748e-02  -1.470731997031489e-03  -1.315269805029642e-03
3.850008075000004e+00  5.146305392382716e-02  3.557335028771953e-02  5.286172311167685e-02  3.636408975088037e-02  -9.894952233347808e-03  -5.511027059311973e-03  3.491901980826491e-02  -4.690842146508146e-02  -4.775572109388913e-04  -6.649647260239005e-04
3.900008050000004e+00  4.890167516404786e-02  3.367112659835474e-02  5.026041005286840e-02  3.443084215627183e-02  -9.642523815126093e-03  -5.384262691239992e-03  3.324317392612252e-02  -4.490361701408924e-02  4.550224251159891e-04  -5.098894388624054e-05
3.950008025000004e+00  4.635626113495495e-02  3.178771759068137e-02  4.767346298926090e-02  3.251671235187627e-02  -9.364063324680087e-03  -5.238990845323482e-03  3.158470654578323e-02  -4.290428816221309e-02  1.321305659167320e-03  5.217132251895853e-04
4.000008000000005e+00  4.383795106010126e-02  2.993141365011332e-02  4.511208353269850e-02  3.062990594801209e-02  -9.062690826979676e-03  -5.077260966392975e-03  2.994874682468881e-02  -4.091724958424252e-02  2.116634538304406e-03  1.049022829427104e-03
4.050007975000004e+00  4.135728424562413e-02  2.811003088923798e-02  4.258691193555953e-02  2.877818427517901e-02  -8.741599237766219e-03  -4.901206647266928e-03  2.834015364534418e-02  -3.894904335472629e-02  2.837423871732037e-03  1.527685664925126e-03
4.100007950000005e+00  3.892409923661463e-02  2.633082129538914e-02  4.010792280027580e-02  2.696877309586508e-02  -8.404014183646061e-03  -4.713011875760911e-03  2.676348211029843e-02  -3.700589349270321e-02  3.481177256418546e-03  1.955335650289354e-03
4.150007925000005e+00  3.654744484673009e-02  2.460039455204230e-02  3.768433214097463e-02  2.520828236779237e-02  -8.053154284983226e-03  -4.514877415865386e-03  2.522295428891486e-02  -3.509366526574461e-02  4.046487705382116e-03  2.330500624564941e-03
4.200007900000005e+00  3.423550496538949e-02  2.292465334677842e-02  3.532451775361907e-02  2.350263894358880e-02  -7.692192443300096e-03  -4.308987989537982e-03  2.372243441856011e-02  -3.321782955658118e-02  4.533021146238085e-03  2.652589534786025e-03
4.250007875000005e+00  3.199553872660343e-02  2.130874356074734e-02  3.303595455040693e-02  2.185703369100266e-02  -7.324218768481659e-03  -4.097480943468843e-03  2.226540869991301e-02  -3.138343252299397e-02  4.941481538371333e-03  2.921860678049090e-03
4.300007850000005e+00  2.983383721416052e-02  1.975702024992168e-02  3.082516612547473e-02  2.027588404824601e-02  -6.952205810357523e-03  -3.882417073234124e-03  2.085496976303933e-02  -2.959507070803678e-02  5.273557056345372e-03  3.139371472367207e-03
4.350007825000006e+00  2.775569739982686e-02  1.827302980232468e-02  2.869769336016002e-02  1.876281251475017e-02  -6.578976757127168e-03  -3.665754232911361e-03  1.949380581862219e-02  -2.785687168408501e-02  5.531847644530087e-03  3.306911082924027e-03
4.400007800000006e+00  2.576541349046779e-02  1.685950811636304e-02  2.665808037101241e-02  1.732064104579055e-02  -6.207177225445117e-03  -3.449324281823527e-03  1.818419444813496e-02  -2.617248024172499e-02  5.719775184443125e-03  3.426918051653629e-03
4.450007775000006e+00  2.386628532612485e-02  1.551839412281613e-02  2.470987758001914e-02  1.595140079860361e-02  -5.839251193060488e-03  -3.234813814834698e-03  1.692800092863209e-02  -2.454505006409664e-02  5.841478443783760e-03  3.502385796489981e-03
4.500007750000006e+00  2.206064295451842e-02  1.425085749488080e-02  2.285566117315601e-02  1.465635619530101e-02  -5.477421517481523e-03  -3.023748994352439e-03  1.572668093297593e-02  -2.297724075994177e-02  5.901695807643872e-03  3.536759400645311e-03
4.550007725000007e+00  2.034988603693828e-02  1.305733898124154e-02  2.109706773839353e-02  1.343604184847929e-02  -5.123675349163267e-03  -2.817484658701368e-03  1.458128739542059e-02  -2.147122006515995e-02  5.905639452055368e-03  3.533827457276594e-03
4.600007700000007e+00  1.873453634071421e-02  1.193760147526671e-02  1.943484246238884e-02  1.229031055837367e-02  -4.779754593658826e-03  -2.617197731807457e-03  1.349248128616151e-02  -2.002867096394235e-02  5.858865051230756e-03  3.497612847362576e-03
4.650007675000007e+00  1.721430126323472e-02  1.089078971128301e-02  1.786889893583126e-02  1.121839034891975e-02  -4.447151414075695e-03  -2.423884812457887e-03  1.246054599727662e-02  -1.865080342724441e-02  5.767141280427580e-03  3.432266207544143e-03
4.700007650000007e+00  1.578814612357274e-02  9.915496361393333e-03  1.639838838392357e-02  1.021894837046853e-02  -4.127108603616720e-03  -2.238363686481196e-03  1.148540500687457e-02  -1.733837041908511e-02  5.636323280612821e-03  3.341965510254515e-03
4.750007625000007e+00  1.445437285450492e-02  9.009832291346925e-03  1.502177600691184e-02  9.290159458546969e-03  -3.820624508034965e-03  -2.061278389400698e-03  1.056664245858537e-02  -1.609168778042164e-02  5.472233908432413e-03  3.230824668305302e-03
4.800007600000008e+00  1.321070272724963e-02  8.171498813116422e-03  1.373692208515387e-02  8.429777194075436e-03  -3.528462048162940e-03  -1.893107355939265e-03  9.703526270031952e-03  -1.491065756653934e-02  5.280556045739026e-03  3.102813439912593e-03
4.850007575000007e+00  1.205436083454003e-02  7.397859931602880e-03  1.254116556695416e-02  7.635205448767623e-03  -3.251161289880917e-03  -1.734174129488066e-03  8.895033366750996e-03  -1.379479438728021e-02  5.066738542218470e-03  2.961690203582363e-03
4.900007550000008e+00  1.098216023075367e-02  6.686012806304177e-03  1.143140800324254e-02  6.903568604227237e-03  -2.989054937085268e-03  -1.584660070331545e-03  8.139876627246918e-03  -1.274325428017693e-02  4.835917575261817e-03  2.810948450816796e-03
4.950007525000008e+00  9.990583863530982e-03  6.032854917039056e-03  1.040419590547252e-02  6.231778886542104e-03  -2.742286083950446e-03  -1.444618494989787e-03  7.436533120402200e-03  -1.175486563468587e-02  4.592854396538433e-03  2.653777158336515e-03
5.000007500000008e+00  9.075862710815013e-03  5.435146716882611e-03  9.455799864148183e-03  5.616599541391785e-03  -2.510827555177906e-03  -1.313989697691548e-03  6.783273218190411e-03  -1.082816168115646e-02  4.341889652575497e-03  2.493034591189933e-03
5.050007475000008e+00  8.234048841664099e-03  4.889568857451647e-03  8.582289056894265e-03  5.054702870057778e-03  -2.294502184078780e-03  -1.192616344627332e-03  6.178190174297196e-03  -9.961414060734237e-03  4.086913764709188e-03  2.331234582822732e-03
5.100007450000009e+00  7.461082430918397e-03  4.392773365916584e-03  7.779600079482574e-03  4.542722438394978e-03  -2.093003423793886e-03  -1.080258787364051e-03  5.619229772528456e-03  -9.152667001782341e-03  3.831352266713806e-03  2.170543954571769e-03
5.150007425000008e+00  6.752852061484126e-03  3.941428426881570e-03  7.043599335070685e-03  4.077299045614601e-03  -1.905915751294918e-03  -9.766099084475577e-04  5.104219667364344e-03  -8.399771644224736e-03  3.578164546916689e-03  2.012789480012373e-03
5.200007400000008e+00  6.105247931176817e-03  3.532256666127206e-03  6.370138503009562e-03  3.655120287584292e-03  -1.732734401206239e-03  -8.813091847321005e-04  4.630898062230110e-03  -7.700420074982298e-03  3.329854132936157e-03  1.859472663916209e-03
5.250007375000009e+00  5.514207834477079e-03  3.162067041031204e-03  5.755102868819636e-03  3.272953763438226e-03  -1.572884051199211e-03  -7.939557277935839e-04  4.196941398464745e-03  -7.052178664826794e-03  3.088488486989208e-03  1.711790578298770e-03
5.300007350000008e+00  4.975756007139756e-03  2.827780611242575e-03  5.194452524283209e-03  2.927674150844067e-03  -1.425736167492020e-03  -7.141201320636658e-04  3.799990758991139e-03  -6.452520328894482e-03  2.855726234604469e-03  1.570661061019329e-03
5.350007325000009e+00  4.486035100271321e-03  2.526450592529971e-03  4.684256636964442e-03  2.616284513242721e-03  -1.290624803360751e-03  -6.413550270717226e-04  3.437676724703779e-03  -5.898855369089766e-03  2.632849809963377e-03  1.436750714869482e-03
5.400007300000009e+00  4.041331689730951e-03  2.255277188450295e-03  4.220721140381287e-03  2.335932302940328e-03  -1.166860721990951e-03  -5.752042882963253e-04  3.107642457942372e-03  -5.388560595951972e-03  2.420801644055364e-03  1.310504325840139e-03
5.450007275000010e+00  3.638095828075062e-03  2.011617751969693e-03  3.800210310243692e-03  2.083920589964111e-03  -1.053743784922435e-03  -5.152109103467344e-04  2.807564825445754e-03  -4.919006469496036e-03  2.220222223597712e-03  1.192174528384556e-03
5.500007250000010e+00  3.272955212857516e-03  1.792992856830685e-03  3.419262771065068e-03  1.857715082125748e-03  -9.505736071707309e-04  -4.609235860058672e-04  2.535173412210072e-03  -4.487582042302365e-03  2.031488586617609e-03  1.081850765604029e-03
5.550007225000010e+00  2.942724581057083e-03  1.597088861252866e-03  3.074602524677172e-03  1.654947511462888e-03  -8.566585291123018e-04  -4.119020651737482e-04  2.288267317047798e-03  -4.091717532952737e-03  1.854752074676657e-03  9.794868091963645e-04
5.600007200000010e+00  2.644410949441836e-03  1.421757529565748e-03  2.763145612100135e-03  1.473415951087523e-03  -7.713229933836021e-04  -3.677213895303929e-04  2.064729659712999e-03  -3.728904403025394e-03  1.689974415327549e-03  8.849263070203798e-04
5.650007175000010e+00  2.375215309692209e-03  1.265013245495342e-03  2.482003017541614e-03  1.311082599300732e-03  -6.939134429128279e-04  -3.279751126918163e-04  1.862539767611136e-03  -3.396712855537871e-03  1.536961448718198e-03  7.979260079168142e-04
5.700007150000010e+00  2.132531359862883e-03  1.125028308537032e-03  2.228480402733238e-03  1.166069529136631e-03  -6.238028747257010e-04  -2.922776228599063e-04  1.679783046769334e-03  -3.092806716260883e-03  1.395394030253413e-03  7.181764696983174e-04
5.750007125000010e+00  1.913941814695783e-03  1.000126756061196e-03  2.000075225826421e-03  1.036652855269380e-03  -5.603941945421379e-04  -2.602656866467712e-04  1.514658576376193e-03  -2.814955701064303e-03  1.264855831283094e-03  6.453201852403632e-04
5.800007100000011e+00  1.717212790338078e-03  8.887771017985383e-04  1.794471755716830e-03  9.212557198570126e-04  -5.031225207322516e-04  -2.315993300617851e-04  1.365484498334108e-03  -2.561045111798878e-03  1.144857919244360e-03  5.789671636312382e-04
5.850007075000011e+00  1.540286707534991e-03  7.895843287783407e-04  1.609534443479275e-03  8.184404471817500e-04  -4.514565842699851e-04  -2.059621666889901e-04  1.230701302484683e-03  -2.329083039632403e-03  1.034860127234416e-03  5.187080800831828e-04
5.900007050000012e+00  1.381274104126191e-03  7.012814236683722e-04  1.443300060536093e-03  7.269001660468322e-04  -4.048993651940480e-04  -1.830612748438865e-04  1.108873134123535e-03  -2.117205187780990e-03  9.342893220786501e-04  4.641251624277473e-04
5.950007025000011e+00  1.238444694862846e-03  6.227206912558336e-04  1.293968960642603e-03  6.454501504116581e-04  -3.629880969286637e-04  -1.626267158336441e-04  9.986872728323948e-04  -1.923677454823024e-03  8.425547522329640e-04  4.148010166991393e-04
6.000007000000012e+00  1.110217965828157e-03  5.528650434955133e-04  1.159895771599675e-03  5.730190838017692e-04  -3.252937586548996e-04  -1.444107750575839e-04  8.989519503206737e-04  -1.746896444948145e-03  7.590607056839502e-04  3.703256129148385e-04
6.050006975000012e+00  9.951535432571488e-04  4.907794177118551e-04  1.039579774149824e-03  5.086404123102690e-04  -2.914201636197334e-04  -1.281869971343734e-04  8.085926897496861e-04  -1.585388092358019e-03  6.832167370698834e-04  3.303016579878010e-04
6.100006950000012e+00  8.919415330734983e-04  4.356224434297185e-04  9.316551807039439e-04  4.514439148637487e-04  -2.610027385242900e-04  -1.137490759527654e-04  7.266473598522394e-04  -1.437804603462692e-03  6.144457362426348e-04  2.943485787998978e-04
6.150006925000012e+00  7.993929884175052e-04  3.866384469295447e-04  8.348814859446814e-04  4.006475879429856e-04  -2.337070764899080e-04  -1.009096508181252e-04  6.522601440700920e-04  -1.302919932453316e-03  5.521901109311875e-04  2.621053275325696e-04
6.200006900000012e+00  7.164306279881207e-04  3.431498568000728e-04  7.481340252311562e-04  3.555499150118402e-04  -2.092273339657300e-04  -8.949905090957361e-05  5.846746279909081e-04  -1.179624013310879e-03  4.959163472205363e-04  2.332322056874148e-04
6.250006875000013e+00  6.420798981177373e-04  3.045500521946500e-04  6.703948451318313e-04  3.155225682615974e-04  -1.872845305972200e-04  -7.936402219059996e-05  5.232262077218767e-04  -1.066915974436206e-03  4.451181959806220e-04  2.074118847243862e-04
6.300006850000013e+00  5.754604459473019e-04  2.702966778069248e-04  6.007439632113472e-04  2.800035715759116e-04  -1.676248007018543e-04  -7.036646378143230e-05  4.673340176932143e-04  -9.638965610411887e-04  3.993187134809137e-04  1.843497813925887e-04
6.350006825000013e+00  5.157780495765274e-04  2.399054353492567e-04  5.383510711460687e-04  2.484909384649595e-04  -1.500176356936848e-04  -6.238219460592202e-05  4.164925690010325e-04  -8.697599854737116e-04  3.580713620834027e-04  1.637739257655347e-04
6.400006800000013e+00  4.623170332722613e-04  2.129443501115614e-04  4.824677160163499e-04  2.205367866866836e-04  -1.342541485951800e-04  -5.529976583441103e-05  3.702632790800706e-04  -7.837854170636287e-04  3.209603535897607e-04  1.454344405456635e-04
6.450006775000014e+00  4.144331813383847e-04  1.890285025772423e-04  4.324199788503407e-04  1.957419219499183e-04  -1.201453846566900e-04  -4.901933019750218e-05  3.282660605906487e-04  -7.053283112381193e-04  2.876003946346100e-04  1.291027319379154e-04
6.500006750000013e+00  3.715471526853702e-04  1.678152086771549e-04  3.876016567849028e-04  1.737508760783102e-04  -1.075206960203657e-04  -4.345157556911121e-05  2.901711222854813e-04  -6.338117629602547e-04  2.576359712624436e-04  1.145704756638906e-04
6.550006725000014e+00  3.331383890979651e-04  1.489996277050529e-04  3.474679451749975e-04  1.542473799331543e-04  -9.622619324254613e-05  -3.851672722811445e-05  2.556911176934648e-04  -5.687180524343293e-04  2.307402890383590e-04  1.016484666857705e-04
6.600006700000014e+00  2.987395033169356e-04  1.323107738686849e-04  3.115296082497541e-04  1.369502479101591e-04  -8.612328223889391e-05  -3.414362082159243e-05  2.245737591338068e-04  -5.095805319540188e-04  2.066139660516328e-04  9.016538799683491e-05
6.650006675000014e+00  2.679311279852458e-04  1.175079056186378e-04  2.793476211316693e-04  1.216096486399074e-04  -7.708729174572545e-05  -3.026884618622903e-05  1.965949952778514e-04  -4.559759822207360e-04  1.849835591430856e-04  7.996654238642356e-05
6.700006650000015e+00  2.403372029527670e-04  1.043772660299684e-04  2.505282618855639e-04  1.080037353727656e-04  -6.900619360377876e-05  -2.683596075958946e-05  1.715528306278591e-04  -4.075175449098086e-04  1.655999886665818e-04  7.091258131272138e-05
6.750006625000014e+00  2.156206761131916e-04  9.272914739434932e-05  2.247186294596255e-04  9.593560919145451e-05  -6.177941597462044e-05  -2.379477025783525e-05  1.492618452935580e-04  -3.638483161867188e-04  1.482369140379387e-04  6.287825678827287e-05
6.800006600000015e+00  1.934795916231883e-04  8.239525363182903e-05  2.016025616696694e-04  8.523058847827363e-05  -5.531674790800834e-05  -2.110067354628430e-05  1.295484537119113e-04  -3.246356637366057e-04  1.326891011263336e-04  5.575121535006246e-05
6.850006575000015e+00  1.736435388206938e-04  7.322633500117160e-05  1.808969265403409e-04  7.573375881039957e-05  -4.953733241090337e-05  -1.871406812705790e-05  1.122469218437043e-04  -2.895663081081467e-04  1.187708130610322e-04  4.943084758871205e-05
6.900006550000015e+00  1.558704352410722e-04  6.509007075326561e-05  1.623482601655120e-04  6.730777853522989e-05  -4.436874425355827e-05  -1.659981236438394e-05  9.719614423257046e-05  -2.583421881990163e-04  1.063142480956765e-04  4.382720219068612e-05
6.950006525000015e+00  1.399436176791002e-04  5.786917673420066e-05  1.457297246256461e-04  5.983091658253479e-05  -3.974614812158461e-05  -1.472674042063869e-05  8.423716543125267e-05  -2.306771108969231e-04  9.516804162081555e-05  3.885996985100989e-05
7.000006500000016e+00  1.256692161388284e-04  5.145971642466257e-05  1.308383602696836e-04  5.319530051661204e-05  -3.561153232966686e-05  -1.306722584923132e-05  7.321141495278375e-05  -2.062941665731016e-04  8.519584407111275e-05  3.445753960054595e-05
7.050006475000016e+00  1.128737866518342e-04  4.576959543886435e-05  1.174926077234806e-04  4.730535435319661e-05  -3.191301310498371e-05  -1.159678985427421e-05  6.395961130954430e-05  -1.849238755866957e-04  7.627498217228822e-05  3.055612793326141e-05
7.100006450000016e+00  1.014021802458460e-04  4.071722105229895e-05  1.055300762367808e-04  4.207640721123498e-05  -2.860420438593724e-05  -1.029375035724269e-05  5.632127903793840e-05  -1.663030164346629e-04  6.829520756129353e-05  2.709897950135373e-05
7.150006425000016e+00  9.111562674521772e-05  3.623030984801057e-05  9.480553635438641e-05  3.743345540005066e-05  -2.564364813052619e-05  -9.138908187730265e-06  5.013481299666525e-05  -1.501740738546861e-04  6.115753415217853e-05  2.403563697016303e-05
7.200006400000016e+00  8.189001353117773e-05  3.224482804034313e-05  8.518911633780454e-05  3.331006202946578e-05  -2.299430026047504e-05  -8.115266923123593e-06  4.523801675222427e-05  -1.362852351840040e-04  5.477316358516492e-05  2.132127680485720e-05
7.250006375000017e+00  7.361434084370456e-05  2.870405043551167e-05  7.656468322693239e-05  2.964737965399470e-05  -2.062306755897354e-05  -7.207783128083600e-06  4.146903655770016e-05  -1.243908556686935e-04  4.906249657808637e-05  1.891610722414000e-05
7.300006350000016e+00  6.618933663845839e-05  2.555772530829268e-05  6.882839088352020e-05  2.639328280882276e-05  -1.850039107291038e-05  -6.403143979455365e-06  3.866760927547726e-05  -1.142523082230098e-04  4.395422690256349e-05  1.678482424155840e-05
7.350006325000017e+00  5.952621539949961e-05  2.276133370690014e-05  6.188737877405902e-05  2.350159855668957e-05  -1.659987182987093e-05  -5.689569498287977e-06  3.667654153242129e-05  -1.056391303253334e-04  3.938451395057584e-05  1.489612157159592e-05
7.400006300000017e+00  5.354556663599797e-05  2.027543284066786e-05  5.565860661123196e-05  2.093142433682105e-05  -1.489793495414878e-05  -5.056636842568909e-06  3.534333832787184e-05  -9.833038022201222e-05  3.529622937135233e-05  1.322225016391499e-05
7.450006275000018e+00  4.817636004837183e-05  1.806507425725088e-05  5.006781126766432e-05  1.864652348858109e-05  -1.337352854547619e-05  -4.495124338138248e-06  3.452190210360277e-05  -9.211611626756059e-05  3.163827298573232e-05  1.173862321095423e-05
7.500006250000018e+00  4.335505552992573e-05  1.609928847950222e-05  4.504857359542863e-05  1.661478981471391e-05  -1.200785396217825e-05  -3.996873138340331e-06  3.407422776132457e-05  -8.679891689069510e-05  2.836495307712540e-05  1.042346262435058e-05
7.550006225000018e+00  3.902480727086680e-05  1.435062865024842e-05  4.054148392514653e-05  1.480777345473861e-05  -1.078412442185841e-05  -3.554664603550554e-06  3.387202508043069e-05  -8.219536413850880e-05  2.543542617524306e-05  9.257483172701730e-06
7.600006200000018e+00  3.513475225178757e-05  1.279476653014938e-05  3.649339607786057e-05  1.320026116220159e-05  -9.687349093833814e-06  -3.162111678786711e-06  3.379820722687074e-05  -7.813742078394015e-05  2.281319155854496e-05  8.223610700039499e-06
7.650006175000018e+00  3.163937435432334e-05  1.141013491458194e-05  3.285676070145791e-05  1.176990482479294e-05  -8.704140105825306e-06  -2.813562720751903e-06  3.374819231682653e-05  -7.447363932996002e-05  2.046563587772420e-05  7.306731087926334e-06
7.700006150000018e+00  2.849793618008301e-05  1.017761118527715e-05  2.958902964318760e-05  1.049689273893417e-05  -7.822540121251148e-06  -2.504016384861189e-06  3.363097405935453e-05  -7.107015063614097e-05  1.836362352471691e-05  6.493466874338321e-06
7.750006125000018e+00  2.567397145838991e-05  9.080237296645688e-06  2.665212389367627e-05  9.363658755685990e-06  -7.031868361974284e-06  -2.229046328390407e-06  3.336992709740115e-05  -6.781139004935500e-05  1.648112862321510e-05  5.771978692025217e-06
7.800006100000019e+00  2.313483164276540e-05  8.102972020697310e-06  2.401195838952934e-05  8.354624958075606e-06  -6.322583154159004e-06  -1.984734618385960e-06  3.290332254435223e-05  -6.460052955466659e-05  1.479490478467020e-05  5.131788932442694e-06
7.850006075000019e+00  2.085128094972787e-05  7.232471743408646e-06  2.163801764529020e-05  7.455974016464804e-06  -5.686159262066355e-06  -1.767612853070230e-06  3.218453912749909e-05  -6.135959529501770e-05  1.328418904848095e-05  4.563625274852571e-06
7.900006050000020e+00  1.879713468584159e-05  6.456896524314176e-06  1.950297680567059e-05  6.655447803442488e-06  -5.114978446525615e-06  -1.574610113940576e-06  3.118196506429571e-05  -5.802926056604779e-05  1.193043669906597e-05  4.059281941265883e-06
7.950006025000019e+00  1.694893624456167e-05  5.765738504705638e-06  1.758236327011852e-05  5.942169237741289e-06  -4.602231842045267e-06  -1.403006963412014e-06  2.987859509323238e-05  -5.456831481841886e-05  1.071708392038395e-05  3.611496745020434e-06
8.000006000000020e+00  1.528566863775373e-05  5.149670082543873e-06  1.585425454849462e-05  5.306484672365942e-06  -4.141832889802685e-06  -1.250394790531522e-06  2.827133575705580e-05  -5.095281905620378e-05  9.629335506316172e-06  3.213842193148902e-06
8.050005975000019e+00  1.378849686215527e-05  4.600409568110009e-06  1.429900846331591e-05  4.739824449685737e-06  -3.728339693900504e-06  -1.114639885825308e-06  2.637003991681479e-05  -4.717496709405979e-05  8.653975090524846e-06  2.860629080070117e-06
8.100005950000019e+00  1.244053779263868e-05  4.110602297324233e-06  1.289902222496080e-05  4.234579519565476e-06  -3.356885786174951e-06  -9.938516965341674e-07  2.419629840891053e-05  -4.324168024140344e-05  7.779195590277999e-06  2.546821172702650e-06
8.150005925000020e+00  1.122665464585829e-05  3.673715412994469e-06  1.163851727545986e-05  3.783992259249708e-06  -3.023118391380047e-06  -8.863547761150864e-07  2.178202262356167e-05  -3.917296996625038e-05  6.994447774368321e-06  2.267959735323314e-06
8.200005900000020e+00  1.013327337339631e-05  3.283944731171534e-06  1.050334712783628e-05  3.382059848922437e-06  -2.723143380640571e-06  -7.906639976643841e-07  1.916785648916997e-05  -3.500010883309292e-05  6.290305065288864e-06  2.020096777041617e-06
8.250005875000021e+00  9.148218626289428e-06  2.936132293135044e-06  9.480825724962300e-06  3.023448747589102e-06  -2.453476187531665e-06  -7.054626505253667e-07  1.640145983326570e-05  -3.076365442235014e-05  5.658342870337377e-06  1.799736026429736e-06
8.300005850000021e+00  8.260567185988999e-06  2.625693365894491e-06  8.559574107863001e-06  2.703418982838884e-06  -2.210998038835215e-06  -6.295830834080582e-07  1.353570732698877e-05  -2.651137397368882e-05  5.091030905677449e-06  1.603780747503988e-06
8.350005825000022e+00  7.460516983296559e-06  2.348551797784017e-06  7.729383421364676e-06  2.417757117548878e-06  -1.992916921731136e-06  -5.619895964455600e-07  1.062684820798600e-05  -2.229611913539434e-05  4.581637132184822e-06  1.429487609799481e-06
8.400005800000020e+00  6.739270029293923e-06  2.101082762842719e-06  6.981092497741219e-06  2.162716888850133e-06  -1.796732771645531e-06  -5.017633192669666e-07  7.732671746271961e-06  -1.817370046589399e-05  4.124142062891625e-06  1.274425913616241e-06
8.450005775000021e+00  6.088927763188212e-06  1.880062040072355e-06  6.306478449105857e-06  1.934966631627447e-06  -1.620206420887406e-06  -4.480888428587708e-07  4.910722027271093e-06  -1.420081027254736e-05  3.713162329840592e-06  1.136441550525865e-06
8.500005750000021e+00  5.502397483532147e-06  1.682621073020455e-06  5.698158869046283e-06  1.731542702203856e-06  -1.461331898199340e-06  -4.002424001482045e-07  2.216603158782042e-06  -1.043304006686215e-05  3.343882514054643e-06  1.013625149760045e-06
8.550005725000021e+00  4.973308673466638e-06  1.506207142938210e-06  5.149504395513968e-06  1.549808209214694e-06  -1.318311714012769e-06  -3.575814142635585e-07  -2.975874305062777e-07  -6.923035472311089e-06  3.011994347009271e-06  9.042839239584848e-07
8.600005700000022e+00  4.495938159281832e-06  1.348548066335418e-06  4.654560522157376e-06  1.387416439383791e-06  -1.189534806073254e-06  -3.195352546592576e-07  -2.584664220195638e-06  -3.718826971485480e-06  2.713642486353746e-06  8.069167836861594e-07
8.650005675000022e+00  4.065143156342775e-06  1.207620896278713e-06  4.207977665854647e-06  1.242278437202705e-06  -1.073556855675885e-06  -2.855970600521536e-07  -4.603568968665329e-06  -8.623695735066366e-07  2.445376153523847e-06  7.201923398351662e-07
8.700005650000023e+00  3.676301358752370e-06  1.081624167301892e-06  3.804948605703370e-06  1.112534260472902e-06  -9.690827164718132e-07  -2.553165036817016e-07  -6.320373389975910e-06  1.611681514560841e-06  2.204105997150471e-06  6.429294571475360e-07
8.750005625000023e+00  3.325257320353377e-06  9.689532772477897e-07  3.441152504557495e-06  9.965274892677774e-07  -8.749507260776417e-07  -2.282933910316748e-07  -7.709052251329787e-06  3.676938640745248e-06  1.987065614576803e-06  5.740800612200915e-07
8.800005600000024e+00  3.008274455993870e-06  8.681786465635795e-07  3.112704809615927e-06  8.927826149638786e-07  -7.901186959052164e-07  -2.041719930587226e-07  -8.752016189936134e-06  5.315979159843850e-06  1.791777225084576e-06  5.127139360159152e-07
8.850005575000022e+00  2.721992064463883e-06  7.780263372551086e-07  2.816112404686396e-06  7.999849793382415e-07  -7.136513970591542e-07  -1.826360293624761e-07  -9.440399806186314e-06  6.520765853328447e-06  1.616021043279172e-06  4.580052795946162e-07
8.900005550000023e+00  2.463386839111003e-06  6.973608505164304e-07  2.548233454577325e-06  7.169629720035419e-07  -6.447093801193418e-07  -1.634042257798567e-07  -9.774106763355692e-06  7.292790551440103e-06  1.457807950124136e-06  4.092208129232377e-07
8.950005525000023e+00  2.229738389714132e-06  6.251698545588847e-07  2.306241442508876e-06  6.426722282493229e-07  -5.825389844013783e-07  -1.462263797495906e-07  -9.761619562503123e-06  7.642947951131143e-06  1.315355102926970e-06  3.657092606355776e-07
9.000005500000023e+00  2.018598350501827e-06  5.605506228745209e-07  2.087592955286586e-06  5.761815992013867e-07  -5.264634081078743e-07  -1.308798746106041e-07  -9.419587225413998e-06  7.591153015583118e-06  1.187064164689518e-06  3.268920438234301e-07
9.050005475000024e+00  1.827762694926914e-06  5.026979885270836e-07  1.889998818964774e-06  5.166606925668122e-07  -4.758747248610300e-07  -1.171665908929843e-07  -8.772209182613509e-06  7.165721217416284e-06  1.071501868130940e-06  2.922550436854984e-07
9.100005450000024e+00  1.655246918561420e-06  4.508936424637793e-07  1.711398230483418e-06  4.633688055089326e-07  -4.302267446327680e-07  -1.049101687412760e-07  -7.850438119045057e-06  6.402536117437315e-06  9.673826608068356e-07  2.613413114109893e-07
9.150005425000025e+00  1.499263787798664e-06  4.044966236301773e-07  1.549935568863059e-06  4.156450917569368e-07  -3.890286282334066e-07  -9.395358097319829e-08  -6.691028285941234e-06  5.344033243226206e-06  8.735532054816868e-07  2.337446142871302e-07
9.200005400000023e+00  1.358203384426753e-06  3.629348661555151e-07  1.403939603497241e-06  3.728998232179584e-07  -3.518391744354701e-07  -8.415698100728677e-08  -5.335458773127361e-06  4.038032858625649e-06  7.889785346216923e-07  2.091037209172889e-07
9.250005375000024e+00  1.230615205001475e-06  3.256976843270034e-07  1.271904847345166e-06  3.346066224073845e-07  -3.182617076314687e-07  -7.539579406543436e-08  -3.828763402015774e-06  2.536456930884737e-06  7.127296798838459e-07  1.870973398181276e-07
9.300005350000024e+00  1.115192099681044e-06  2.923290897282036e-07  1.152474829803286e-06  3.002955561943059e-07  -2.879395017741665e-07  -6.755902373694057e-08  -2.218300217539050e-06  8.939673668447302e-07  6.439726170752024e-07  1.674396357070774e-07
9.350005325000025e+00  1.010755858132908e-06  2.624218469887850e-07  1.044427088083754e-06  2.695469938927942e-07  -2.605516833327016e-07  -6.054774923778965e-08  -5.524940207479419e-07  -8.334366138596754e-07  5.819583845040394e-07  1.498762566519752e-07
9.400005300000025e+00  9.162442705886183e-07  2.356121852666931e-07  9.466596973706838e-07  2.419861438094424e-07  -2.358095622137196e-07  -5.427379156387822e-08  1.120414992783393e-06  -2.589824262956040e-06  5.260142481757594e-07  1.341808130717484e-07
9.450005275000025e+00  8.306995103781460e-07  2.115750920228442e-07  8.581791791477228e-07  2.172781921539021e-07  -2.134533451287292e-07  -4.865852926511557e-08  2.753584606060191e-06  -4.320705629995571e-06  4.755358011096713e-07  1.201517564732208e-07
9.500005250000026e+00  7.532577005615615e-07  1.900201239973754e-07  7.780896441463896e-07  1.951239768823958e-07  -1.932491908129957e-07  -4.363184679865930e-08  4.302716017592369e-06  -5.974335781009747e-06  4.299798963552787e-07  1.076096118929873e-07
9.550005225000026e+00  6.831395418086858e-07  1.706876776826943e-07  7.055830415803150e-07  1.752561367070228e-07  -1.749865708849151e-07  -3.913120038920998e-08  5.727104012662660e-06  -7.502919025930769e-06  3.888583242352687e-07  9.639452338069816e-08
9.600005200000027e+00  6.196418916476017e-07  1.533456681244964e-07  6.399303999069577e-07  1.574356822830915e-07  -1.584759040378683e-07  -3.510078806326910e-08  6.990567756215051e-06  -8.863684748302894e-06  3.517321540859239e-07  8.636407659566618e-08
9.650005175000025e+00  5.621301967810707e-07  1.377865706667082e-07  5.804739564747238e-07  1.414489425858617e-07  -1.435464347323503e-07  -3.149081205987038e-08  8.062241813873465e-06  -1.001981051318674e-05  3.182066694369972e-07  7.739136676714715e-08
9.700005150000026e+00  5.100316905075022e-07  1.238247853774560e-07  5.266200842288811e-07  1.271048447979727e-07  -1.300443306520115e-07  -2.825682317657949e-08  8.917211123196934e-06  -1.094117269881696e-05  2.879268332906743e-07  6.936328395587503e-08
9.750005125000026e+00  4.628292765150749e-07  1.112942884278200e-07  4.778329333060285e-07  1.142324907297355e-07  -1.178309759452260e-07  -2.535913780770802e-08  9.536978037018115e-06  -1.160490982892362e-05  2.605732270283564e-07  6.217899080856937e-08
9.800005100000027e+00  4.200560285639830e-07  1.000465387114181e-07  4.336287139702525e-07  1.026789969571845e-07  -1.067814397312769e-07  -2.276231949036946e-08  9.909754128182210e-06  -1.199578894350339e-05  2.358584125885684e-07  5.574857086943907e-08
9.850005075000027e+00  3.812902429394278e-07  8.994861155086653e-08  3.935705550467109e-07  9.230756954982143e-08  -9.678310154042229e-08  -2.043471770965643e-08  1.003057406347105e-05  -1.210637060339642e-05  2.135236730027992e-07  4.999182804835088e-08
9.900005050000027e+00  3.461509871420418e-07  8.088153448992363e-08  3.572638788901343e-07  8.299578752645400e-08  -8.773441730949190e-08  -1.834805754132656e-08  9.901233408738108e-06  -1.193697334511212e-05  1.933360912228214e-07  4.483722008414592e-08
9.950005025000028e+00  3.142940941676078e-07  7.273880296447545e-08  3.243522400755115e-07  7.463407207212238e-08  -7.954381129545605e-08  -1.647707444170759e-08  9.530056607355651e-06  -1.149544345986245e-05  1.750859314890443e-07  4.022091081865720e-08
1.000000500000003e+01  2.854085569896370e-07  6.542505612279483e-08  2.945135804951911e-07  6.712432111476572e-08  -7.212868082190672e-08  -1.479918914131679e-08  8.931505476792308e-06  -1.079674074363231e-05  1.585842913334630e-07  3.608592784322228e-08
1.005000497500003e+01  2.592132825637523e-07  5.885489526222391e-08  2.674568584612427e-07  6.037869113494732e-08  -6.541450215828552e-08  -1.329421817084424e-08  8.125642300350497e-06  -9.862355243324008e-06  1.436609957349946e-07  3.238141362216230e-08
1.010000495000003e+01  2.354541688817123e-07  5.295182929783022e-08  2.429190138069281e-07  5.431851009912263e-08  -5.933402706737287e-08  -1.194411605440691e-08  7.137464870895756e-06  -8.719573909933266e-06  1.301627079958714e-07  2.906195956080333e-08
1.015000492500002e+01  2.139014723685891e-07  4.764733340716675e-08  2.206622349124121e-07  4.887330719619202e-08  -5.382656065936514e-08  -1.073274565304147e-08  5.996133602305777e-06  -7.400619379855819e-06  1.179512346264428e-07  2.608701369030122e-08
1.020000490000002e+01  1.943474362865441e-07  4.288000852919603e-08  2.004714970971739e-07  4.397994664456473e-08  -4.883731217534059e-08  -9.645673538054285e-09  4.734113008312739e-06  -5.941685773354173e-06  1.069020039489728e-07  2.342035370644936e-08
1.025000487500002e+01  1.766041538251849e-07  3.859483075696919e-08  1.821523449693257e-07  3.958185424577342e-08  -4.431681120196598e-08  -8.669987625074685e-09  3.386251418894113e-06  -4.381898375501286e-06  9.690270029134330e-08  2.102961804122029e-08
1.030000485000002e+01  1.605016422592868e-07  3.474248087245473e-08  1.655288941397008e-07  3.562832661123605e-08  -4.022038260441304e-08  -7.794134610740360e-09  1.988823738996297e-06  -2.762225318062633e-06  8.785203756789716e-08  1.888588847848307e-08
1.035000482500002e+01  1.458861069734053e-07  3.127874534537650e-08  1.504420302313888e-07  3.207391409910834e-08  -3.650767416584854e-08  -7.007775029539902e-09  5.785623464093995e-07  -1.124369899034857e-06  7.965865776275343e-08  1.696331856192308e-08
1.040000480000002e+01  1.326183763195285e-07  2.816398107143401e-08  1.367477853747563e-07  2.887786948427141e-08  -3.314223154862327e-08  -6.301653992556076e-09  -8.082991149345214e-07  4.903280352845095e-07  7.224014136362726e-08  1.523880269490330e-08
1.045000477500002e+01  1.205724902151983e-07  2.536263697244500e-08  1.243158744019136e-07  2.600365526046638e-08  -3.009111575249668e-08  -5.667485886321381e-09  -2.136945238884482e-06  2.041954138234170e-06  6.552211816184877e-08  1.369168140877118e-08
1.050000475000002e+01  1.096344271292932e-07  2.284282633381271e-08  1.130283747680268e-07  2.341850325191096e-08  -2.732455874608779e-08  -5.097851501916065e-09  -3.374839368746466e-06  3.493019116476539e-06  5.943746805492105e-08  1.230347878666812e-08
1.055000472500002e+01  9.970095566222205e-08  2.057594442393656e-08  1.027785358521330e-07  2.109302090346369e-08  -2.481565339564543e-08  -4.586106234635264e-09  -4.492504862335377e-06  4.809372058239038e-06  5.392560257767583e-08  1.105766848195133e-08
1.060000470000002e+01  9.067859832561769e-08  1.853632653518886e-08  9.346970474705020e-08  1.900083923331899e-08  -2.254007421587972e-08  -4.126298145522316e-09  -5.464209345072713e-06  5.961006538393663e-06  4.893181886116456e-08  9.939465170696136e-09
1.065000467500002e+01  8.248269638070659e-08  1.670094211522553e-08  8.501435695434696e-08  1.711829797898092e-08  -2.047582582606909e-08  -3.713094810014989e-09  -6.268537055648565e-06  6.922741695595390e-06  4.440671858753099e-08  8.935638632400361e-09
1.070000465000001e+01  7.503656571950777e-08  1.504912112808786e-08  7.733322157197362e-08  1.542416395354491e-08  -1.860301631547563e-08  -3.341717997829226e-09  -6.888837559353073e-06  7.674764038843403e-06  4.030568528558438e-08  8.034347967264170e-09
1.075000462500001e+01  6.827073478241338e-08  1.356230920333744e-08  7.035449161320990e-08  1.389937906190434e-08  -1.690365300929119e-08  -3.007885333732467e-09  -7.313542489344043e-06  8.203019574658710e-06  3.658841400565304e-08  7.224993736936743e-09
1.080000460000001e+01  6.212225641160778e-08  1.222384850415920e-08  6.401311103868169e-08  1.252683481141425e-08  -1.536145838349081e-08  -2.707758182558684e-09  -7.536345487218673e-06  8.499449850167372e-06  3.321848803249565e-08  6.498086062527461e-09
1.085000457500001e+01  5.653408635299092e-08  1.101878157711660e-08  5.825013092963183e-08  1.129117049411782e-08  -1.396170410728437e-08  -2.437895085035644e-09  -7.556244060990150e-06  8.562069578051681e-06  3.016299784955664e-08  5.845126932621767e-09
1.090000455000001e+01  5.145452184943523e-08  9.933675741613136e-09  5.301212799047406e-08  1.017859252260159e-08  -1.269106139818707e-08  -2.195210144922164e-09  -7.377445572523848e-06  8.394887543934351e-06  2.739219806372842e-08  5.258505168229287e-09
1.095000452500001e+01  4.683669442395952e-08  8.956465840154509e-09  4.825067925093993e-08  9.176712673084598e-09  -1.153746605961688e-08  -1.976935833642860e-09  -7.009142922399913e-06  8.007676396214315e-06  2.487919844336222e-08  4.731402663870378e-09
1.100000450000001e+01  4.263811154045554e-08  8.076313404807292e-09  4.392188745089241e-08  8.274403231180141e-09  -1.048999673664183e-08  -1.780589736991521e-09  -6.465168638059845e-06  7.415600588122645e-06  2.259968561915298e-08  4.257710676883991e-09
1.105000447500001e+01  3.882024235886570e-08  7.283480503998216e-09  3.998595214134554e-08  7.461667251197071e-09  -9.538765074066923e-09  -1.603944820377407e-09  -5.763538918440415e-06  6.638715096865709e-06  2.053167235271630e-08  3.831955072733229e-09
1.110000445000001e+01  3.534814327735020e-08  6.569216719821868e-09  3.640678202983251e-08  6.729522331793936e-09  -8.674816594275994e-09  -1.445002835241221e-09  -4.925901681506301e-06  5.701350507996368e-06  1.865527159564768e-08  3.449229554557701e-09
1.115000442500001e+01  3.219011938153136e-08  5.925657871832966e-09  3.315164454278010e-08  6.069896481862511e-09  -7.890041231740794e-09  -1.301970530316440e-09  -3.976904746116322e-06  4.631402560401832e-06  1.695249284656029e-08  3.105136012203996e-09
1.120000440000000e+01  2.931741830530590e-08  5.345735251121516e-09  3.019084897713200e-08  5.475534803001701e-09  -7.177092568319551e-09  -1.173238367929893e-09  -2.943501914879710e-06  3.459546246128037e-06  1.540705856859538e-08  2.795731220994708e-09
1.125000437500000e+01  2.670395335340165e-08  4.823094260284129e-09  2.749745997273943e-08  4.939915850895991e-09  -6.529314909674751e-09  -1.057361478030473e-09  -1.854215879154943e-06  2.218396011274362e-06  1.400423865833906e-08  2.517479204925089e-09
1.130000435000000e+01  2.432605304679118e-08  4.352021472471042e-09  2.504703836014035e-08  4.457176659152458e-09  -5.940677429495923e-09  -9.530426115567648e-10  -7.383775238806228e-07  9.416344855090245e-07  1.273070116177558e-08  2.267208654006877e-09
1.135000432500000e+01  2.216223453181204e-08  3.927379227568009e-09  2.281740672898330e-08  4.022045517292309e-09  -5.405714685743757e-09  -8.591168805016967e-10  3.746386368167607e-07  -3.368675310892437e-07  1.157437761637875e-08  2.042074852172958e-09
1.140000430000000e+01  2.019299854556721e-08  3.544546977153727e-09  2.078843732383672e-08  3.629781691071840e-09  -4.919472882755435e-09  -7.745380949589508e-10  1.456163504777817e-06  -1.583917369173757e-06  1.052434156292432e-08  1.839525631453647e-09
1.145000427500000e+01  1.840064385674128e-08  3.199368673391266e-09  1.894186010943324e-08  3.276121359399760e-09  -4.477461315588229e-09  -6.983665278552080e-10  2.478948353862816e-06  -2.767831453939340e-06  9.570698918102079e-09  1.657270920869389e-09
1.150000425000000e+01  1.676909930492506e-08  2.888105571563172e-09  1.726108905919512e-08  2.957229118956690e-09  -4.075608489163309e-09  -6.297579562627136e-10  3.417828391199399e-06  -3.859210659231423e-06  8.704489031302392e-09  1.493255505392162e-09
1.155000422500000e+01  1.528377174518880e-08  2.607393882521043e-09  1.573106491156159e-08  2.669654476217029e-09  -3.710222455260878e-09  -5.679538443949742e-10  4.250319286151182e-06  -4.831641610343619e-06  7.917595367640266e-09  1.345634652062630e-09
1.160000420000000e+01  1.393140837003427e-08  2.354206770759269e-09  1.433811281033113e-08  2.410292807820161e-09  -3.377954955798803e-09  -5.122725478337369e-10  4.957133051871589e-06  -5.662307747448325e-06  7.202664865788558e-09  1.212752297490961e-09
1.165000417500000e+01  1.269997202983828e-08  2.125820246912059e-09  1.306981339986585e-08  2.176350324935032e-09  -3.075769001625611e-09  -4.621014314123492e-10  5.522601982715172e-06  -6.332496572472808e-06  6.553035114791239e-09  1.093121524029283e-09
1.170000415000000e+01  1.157852830712449e-08  1.919782550900491e-09  1.191488608530055e-08  1.965312626119743e-09  -2.800909552745820e-09  -4.168898046618553e-10  5.935001901461180e-06  -6.827992398127337e-06  5.962668579854516e-09  9.854070813383034e-10
1.175000412499999e+01  1.055714322095695e-08  1.733886664333891e-09  1.086308329340530e-08  1.774916466827687e-09  -2.550876998892603e-09  -3.761425889652294e-10  6.186768684728364e-06  -7.139347020575773e-06  5.426093184186441e-09  8.884097362828307e-10
1.180000410000000e+01  9.626790546766433e-09  1.566145628642607e-09  9.905094682852826e-09  1.603124412716727e-09  -2.323403169047250e-09  -3.394146396982752e-10  6.274604842497235e-06  -7.262023965364288e-06  4.938348623182313e-09  8.010522574389155e-10
1.185000407499999e+01  8.779267835199916e-09  1.414770379272344e-09  9.032460354587345e-09  1.448102078778824e-09  -2.116429625214984e-09  -3.063056547840916e-10  6.199475756250155e-06  -7.196415226565637e-06  4.494937849445895e-09  7.223668612965780e-10
1.190000404999999e+01  8.007120302197096e-09  1.278149836536077e-09  8.237492204898043e-09  1.308197687470654e-09  -1.928088019805572e-09  -2.764556083592939e-10  5.966497959543785e-06  -6.947732649733789e-06  4.091783223022979e-09  6.514839657784391e-10
1.195000402499999e+01  7.303571842412493e-09  1.154833020783217e-09  7.513202646672261e-09  1.181923706888455e-09  -1.756682317606429e-09  -2.495406547401050e-10  5.584724506366323e-06  -6.525779219837940e-06  3.725186871455488e-09  5.876221132162566e-10
1.200000399999999e+01  6.662462490184869e-09  1.043512983750562e-09  6.853239999043522e-09  1.067940354946896e-09  -1.600672702819126e-09  -2.252694536701500e-10  5.066834953087686e-06  -5.944608431525795e-06  3.391794849422035e-09  5.300789396563814e-10
1.205000397499999e+01  6.078191717286157e-09  9.430123696113974e-10  6.251829913067596e-09  9.650407778077164e-10  -1.458661009175705e-09  -2.033798730049917e-10  4.428739720951990e-06  -5.222082571461563e-06  3.088564728336328e-09  4.782230804989486e-10
1.210000394999999e+01  5.545667015362010e-09  8.522704386108452e-10  5.703722261885600e-09  8.721377307406104e-10  -1.329377526955078e-09  -1.836360296085345e-10  3.689110557202548e-06  -4.379343070676471e-06  2.812736282795287e-09  4.314869141892789e-10
1.215000392499999e+01  5.060257263933937e-09  7.703314035102828e-10  5.204142978720028e-09  7.882516074371955e-10  -1.211669054957467e-09  -1.658256333633222e-10  2.868850431426925e-06  -3.440208037108403e-06  2.561804973622011e-09  3.893600561293510e-10
1.220000389999999e+01  4.617750432636448e-09  6.963339445783795e-10  4.748750375587859e-09  7.124996797626032e-10  -1.104488078324363e-09  -1.497576028838426e-10  1.990517455977510e-06  -2.430513613547071e-06  2.333497956808671e-09  3.513835243005738e-10
1.225000387499999e+01  4.214315209520347e-09  6.295017827545147e-10  4.333595520332714e-09  6.440864242177821e-10  -1.006882964654227e-09  -1.352599248167203e-10  1.077718281698206e-06  -1.377416894050813e-06  2.125752374267771e-09  3.171445064095934e-10
1.230000384999999e+01  3.846466186224179e-09  5.691352030447247e-10  3.955086289952395e-09  5.822948241770337e-10  -9.179890812871754e-10  -1.221777315564397e-10  1.544868789058497e-07  -3.086787541645643e-07  1.936695706246850e-09  2.862716657957626e-10
1.235000382499998e+01  3.511032266011893e-09  5.146034313449730e-10  3.609954754657010e-09  5.264785484184766e-10  -8.370207460295488e-10  -1.103715748376665e-10  -7.553353347466016e-07  7.480548995802065e-07  1.764627986821750e-09  2.584309299695881e-10
1.240000379999998e+01  3.205127992467296e-09  4.653377778589919e-10  3.295227580021903e-09  4.760549167217631e-10  -7.632639320637211e-10  -9.971587501889574e-11  -1.628702406373727e-06  1.765955271804428e-06  1.608005703298617e-09  2.333217115724201e-10
1.245000377499998e+01  2.926127525359007e-09  4.208254692110426e-10  3.008199164345737e-09  4.304985724940933e-10  -6.960696554322048e-10  -9.009752797695318e-11  -2.443934918987611e-06  2.719678789284793e-06  1.465427217842059e-09  2.106735168358658e-10
1.250000374999998e+01  2.671641016143905e-09  3.806040993572796e-10  2.746407255199390e-09  3.893357906152948e-10  -6.348479803805111e-10  -8.141465341447779e-11  -3.181245430874792e-06  3.585984946260086e-06  1.335619565400611e-09  1.902429013434943e-10
1.255000372499998e+01  2.439493159033549e-09  3.442566365710069e-10  2.507610813437277e-09  3.521393560664339e-10  -5.790625840649043e-10  -7.357547006666560e-11  -3.823205906363382e-06  4.344289222168877e-06  1.217426496195536e-09  1.718107371182362e-10
1.260000369999998e+01  2.227703714750616e-09  3.114069302044034e-10  2.289769914892264e-09  3.185239555142021e-10  -5.282258277459046e-10  -6.649728480046362e-11  -4.355146457509898e-06  4.977138320284175e-06  1.109797643832052e-09  1.551797588308995e-10
1.265000367499998e+01  2.034469823270734e-09  2.817156666904827e-10  2.091027499816705e-09  2.881420299456833e-10  -4.818942866562924e-10  -6.010558394794208e-11  -4.765476647067478e-06  5.470597169964650e-06  1.011778711623583e-09  1.401723602967272e-10
1.270000364999998e+01  1.858149939177247e-09  2.548767294139899e-10  1.909692798070671e-09  2.606800417570464e-10  -4.396646953075269e-10  -5.433321642261359e-11  -5.045922716243005e-06  5.814539552977111e-06  9.225025801162600e-10  1.266286154410009e-10
1.275000362499998e+01  1.697249238930898e-09  2.306139217110629e-10  1.744226274279428e-09  2.358551144594744e-10  -4.011702691295379e-10  -4.911965924803413e-11  -5.191676339513656e-06  6.002836791323910e-06  8.411812481759979e-10  1.144045006097817e-10
1.280000359999998e+01  1.550406363533877e-09  2.086780164106159e-10  1.593225951852257e-09  2.134120074337497e-10  -3.660773670695411e-10  -4.441035709553561e-11  -5.201452815502173e-06  6.033441602618208e-06  7.670985284560076e-10  1.033702975121115e-10
1.285000357499998e+01  1.416381372893281e-09  1.888440990554649e-10  1.455414988024475e-09  1.931203919927351e-10  -3.340824631452547e-10  -4.015612829437799e-11  -5.077458918443563e-06  5.908366921210181e-06  6.996034256901735e-10  9.340915823593021e-11
1.290000354999997e+01  1.294044799793453e-09  1.709091752828292e-10  1.329630384089400e-09  1.747723984444727e-10  -3.049093979920999e-10  -3.631263055365831e-11  -4.825272901405441e-06  5.633562131120516e-06  6.381041331397267e-10  8.441581570874269e-11
1.295000352499997e+01  1.182367701887760e-09  1.546900158419419e-10  1.214812725849304e-09  1.581804069288655e-10  -2.783068841945485e-10  -3.283988033052312e-11  -4.453641304505118e-06  5.218691695059875e-06  5.820625887310299e-10  7.629542469993794e-11
1.300000349999997e+01  1.080412619624651e-09  1.400212154168048e-10  1.109996859144527e-09  1.431750575646731e-10  -2.540462416774993e-10  -2.970182040212055e-11  -3.974199226767738e-06  4.676823531013739e-06  5.309895380275159e-10  6.896252000624686e-11
1.305000347499997e+01  9.873253566260868e-10  1.267534438365886e-10  1.014303414217121e-09  1.296034579237254e-10  -2.319193416802778e-10  -2.686593075691548e-11  -3.401122522187809e-06  4.024036627943086e-06  4.844400562390175e-10  6.234007984439694e-11
1.310000344999997e+01  9.023275068253827e-10  1.147518704234049e-10  9.269311007196552e-10  1.173275680752729e-10  -2.117367398668721e-10  -2.430287842127553e-11  -2.750721937302105e-06  3.278959255699423e-06  4.420094860404112e-10  5.635868371280675e-11
1.315000342499997e+01  8.247096597241962e-10  1.038947441727706e-10  8.471497024719166e-10  1.062227454415866e-10  -1.933259809623744e-10  -2.198620228569692e-11  -2.040990485212367e-06  2.462250669546396e-06  4.033297520972797e-10  5.095575509247975e-11
1.320000339999997e+01  7.538252215154234e-10  9.407211420895695e-11  7.742937076714266e-10  9.617643349987050e-11  -1.765300589661746e-10  -1.989202939710886e-11  -1.291116322409993e-06  1.596040403930445e-06  3.680660169227287e-10  4.607488034985067e-11
1.325000337499997e+01  6.890847956038189e-10  8.518467652610142e-11  7.077565162438886e-10  8.708697997637087e-11  -1.612060184943592e-10  -1.799881954422850e-11  -5.209740413602717e-07  7.033400695200126e-07  3.359136460558035e-10  4.166519609342191e-11
1.330000334999997e+01  6.299510712966760e-10  7.714273443481375e-11  6.469851714364293e-10  7.886257162514837e-11  -1.472236841623402e-10  -1.628713528627747e-11  2.493923967946603e-07  -1.925570018742634e-07  3.065954535934504e-10  3.768083803252302e-11
1.335000332499997e+01  5.759341741849266e-10  6.986526139951870e-11  5.914755676636832e-10  7.142027398326620e-11  -1.344645061478768e-10  -1.473943486539687e-11  1.000281890520010e-06  -1.068672881713300e-06  2.798592018564318e-10  3.408044510020593e-11
1.340000329999997e+01  5.265874360373435e-10  6.327905608866470e-11  5.407680910628714e-10  6.468516566128758e-11  -1.228205111868395e-10  -1.333988570328224e-11  1.712830744158984e-06  -1.902923904639327e-06  2.554753314537408e-10  3.082671324186230e-11
1.345000327499996e+01  4.815035459296431e-10  5.731798048141954e-11  4.944436532430454e-10  5.858955777656507e-11  -1.121933492605947e-10  -1.207419641600980e-11  2.369477360602226e-06  -2.674666950005838e-06  2.332349002555616e-10  2.788599384439477e-11
1.350000324999996e+01  4.403110478643994e-10  5.192227279240513e-11  4.521200823651634e-10  5.307229007900885e-11  -1.024934271449287e-10  -1.092946549051745e-11  2.954385873495414e-06  -3.365199898233001e-06  2.129477118150744e-10  2.522793229466826e-11
1.355000322499996e+01  4.026711533414555e-10  4.703792780099992e-11  4.134488389995293e-10  4.807809616574997e-11  -9.363912081516582e-11  -9.894044954225983e-12  3.453818740899225e-06  -3.958204396514156e-06  1.944406156151810e-10  2.282514261671429e-11
1.360000319999996e+01  3.682748402432143e-10  4.261613791328007e-11  3.781120272077271e-10  4.355703094214842e-11  -8.555605944885470e-11  -8.957417538062811e-12  3.856449779858371e-06  -4.440120723910019e-06  1.775559631765368e-10  2.065291455032646e-11
1.365000317499996e+01  3.368402120330961e-10  3.861278895129854e-11  3.458196740167787e-10  3.946395417069501e-11  -7.817647444357576e-11  -8.110085984673422e-12  4.153610767194077e-06  -4.800446429816763e-06  1.621502055650885e-10  1.868894980424338e-11
1.370000314999996e+01  3.081100936541223e-10  3.498800526376639e-11  3.163072529203325e-10  3.575806456438285e-11  -7.143860747981805e-11  -7.343473289659091e-12  4.339466521773057e-06  -5.031952480762290e-06  1.480926191959587e-10  1.691312454950307e-11
1.375000312499996e+01  2.818498426811683e-10  3.170573929115766e-11  2.893334292791590e-10  3.240247943412350e-11  -6.528617221357690e-11  -6.649832785859195e-12  4.411115270165738e-06  -5.130812834154205e-06  1.352641480598545e-10  1.530727551675791e-11
1.380000309999996e+01  2.578453562458067e-10  2.873340120296022e-11  2.646780075227482e-10  2.936385539707557e-11  -5.966786468584696e-11  -6.022167090433237e-12  4.368613032235247e-06  -5.096645607235072e-06  1.235563516106479e-10  1.385500732890517e-11
1.385000307499996e+01  2.359012560357910e-10  2.604152466075771e-11  2.421400618949361e-10  2.661204610000919e-11  -5.453691799149709e-11  -5.454155033072531e-12  4.214922696711975e-06  -4.932466267417320e-06  1.128704485597077e-10  1.254151894050717e-11
1.390000304999996e+01  2.158392352891792e-10  2.360346515300097e-11  2.215362341569299e-10  2.411979331413382e-11  -4.985069716260803e-11  -4.940085772231703e-12  3.955790340707815e-06  -4.644555480190127e-06  1.031164477340132e-10  1.135344727099403e-11
1.395000302499995e+01  1.974965531714049e-10  2.139512770015713e-11  2.026991831769069e-10  2.186244811973382e-11  -4.557033059529303e-11  -4.474799385844385e-12  3.599553135221820e-06  -4.242246357635953e-06  9.421235798031445e-11  1.027872631210274e-11
1.400000299999995e+01  1.807246632562401e-10  1.939472104639320e-11  1.854761727109843e-10  1.981771922458007e-11  -4.166037468796915e-11  -4.053633294497089e-12  3.156884828018815e-06  -3.737637804053661e-06  8.608346984482681e-11  9.306460163699415e-12
1.405000297499995e+01  1.653879640412780e-10  1.758253573964205e-11  1.697277849289583e-10  1.796544575309413e-11  -3.808850866632345e-11  -3.672373939306206e-12  2.640486266488998e-06  -3.145242407955847e-06  7.866170243465539e-11  8.426808608095091e-12
1.410000294999995e+01  1.513626605267653e-10  1.594074375902021e-11  1.553267483716340e-10  1.628739210693183e-11  -3.482525684881696e-11  -3.327213194515897e-12  2.064729682949986e-06  -2.481578841969800e-06  7.188500948008529e-11  7.630883973028235e-12
1.415000292499995e+01  1.385357268837356e-10  1.445321758000805e-11  1.421568700555894e-10  1.476706273498949e-11  -3.184373585920282e-11  -3.014709046773208e-12  1.445266484677925e-06  -1.764719969227689e-06  6.569683917211719e-11  6.910658159291394e-12
1.420000289999995e+01  1.268039611428477e-10  1.310536677614971e-11  1.301120623755577e-10  1.338953486447698e-11  -2.911942452165199e-11  -2.731750119736205e-12  7.986090497090725e-07  -1.013808790723805e-06  6.004564285269212e-11  6.258878821989368e-12
1.425000287499995e+01  1.160731236576590e-10  1.188399044361254e-11  1.190954563030913e-10  1.214130743703663e-11  -2.662995438189749e-11  -2.475523664665434e-12  1.416975120999307e-07  -2.485549837358989e-07  5.488442809089566e-11  5.668993795948040e-12
1.430000284999995e+01  1.062571518429664e-10  1.077714390385120e-11  1.090185931507794e-10  1.101016466706147e-11  -2.435491898632998e-11  -2.243486675417229e-12  -5.085372805585565e-07  5.112749331083922e-07  5.017035209154550e-11  5.135082947025553e-12
1.435000282499995e+01  9.727744436734274e-11  9.774018291727903e-12  9.980068787125275e-11  9.985052795306457e-12  -2.227570022201848e-11  -2.033339820229152e-12  -1.135603539473758e-06  1.246360819420668e-06  4.586435175701356e-11  4.651796713065750e-12
1.440000279999995e+01  8.906220859541959e-11  8.864831773435001e-12  9.136795749608337e-11  9.055968751324836e-12  -2.037531017582896e-11  -1.843003913248474e-12  -1.723860301052033e-06  1.938312901236104e-06  4.193080706257018e-11  4.214300671924366e-12
1.445000277499995e+01  8.154586563555493e-11  8.040731261963044e-12  8.365300889740668e-11  8.213859564753702e-12  -1.863824711165757e-11  -1.670598676250224e-12  -2.258901077475460e-06  2.570124595608280e-06  3.833723471328540e-11  3.818225540240784e-12
1.450000274999995e+01  7.466850785750060e-11  7.293703609020956e-12  7.659428058004449e-11  7.450531479415937e-12  -1.705036429262624e-11  -1.514423565732262e-12  -2.727900151245512e-06  3.126583212604232e-06  3.505400932957689e-11  3.459622066182017e-12
1.455000272499994e+01  6.837540420725164e-11  6.616495352467351e-12  7.013553368895870e-11  6.758567826857402e-12  -1.559875049112416e-11  -1.372940462839828e-12  -3.119913361449341e-06  3.594628809196777e-06  3.205410966155420e-11  3.134920332933091e-12
1.460000269999994e+01  6.261654906671119e-11  6.002540188555332e-12  6.422538785044595e-11  6.131254808427054e-12  -1.427162113492015e-11  -1.244758043611432e-12  -3.426126504812959e-06  3.963652928287369e-06  2.931288756183818e-11  2.840893037862577e-12
1.465000267499994e+01  5.734625078801096e-11  5.445893419616147e-12  5.881689785959440e-11  5.562514418349623e-12  -1.305821913321541e-11  -1.128617665076170e-12  -3.640045902640684e-06  4.225730600187978e-06  2.680785765474643e-11  2.574622355600812e-12
1.470000264999994e+01  5.252275637980901e-11  4.941172701099697e-12  5.386716758480086e-11  5.046843815348147e-12  -1.194872451335640e-11  -1.023380618971626e-12  -3.757627227047180e-06  4.375780769001451e-06  2.451850582862163e-11  2.333470032224401e-12
1.475000262499994e+01  4.810790913883765e-11  4.483504477952694e-12  4.933699778588745e-11  4.579260518068281e-12  -1.093417207780236e-11  -9.280166194724724e-13  -3.777340296319188e-06  4.411652185758392e-06  2.242611484947249e-11  2.115050392786345e-12
1.480000259999994e+01  4.406683630728149e-11  4.068475559867132e-12  4.519056483854524e-11  4.155252860575932e-12  -1.000637636258146e-11  -8.415934044855337e-13  -3.700169197831016e-06  4.334133735025479e-06  2.051360554962724e-11  1.917205975962458e-12
1.485000257499994e+01  4.036766409786125e-11  3.692089338620917e-12  4.139512762718239e-11  3.770735199208723e-12  -9.157863243545120e-12  -7.632673419236982e-13  -3.529548736294565e-06  4.146890083309852e-06  1.876539218625036e-11  1.737985537957359e-12
1.490000254999994e+01  3.698125766616029e-11  3.350726199140664e-12  3.792076011322590e-11  3.422007411657340e-12  -8.381807595850882e-12  -6.922749430499982e-13  -3.271239793769438e-06  3.856325407540716e-06  1.716725069269862e-11  1.575624193347587e-12
1.495000252499994e+01  3.388098382592004e-11  3.041107719568262e-12  3.474010730874582e-11  3.105718273872441e-12  -7.671976465819585e-12  -6.279251946025256e-13  -2.933147687355847e-06  3.471379734152912e-06  1.570619866200072e-11  1.428525483521249e-12
1.500000249999994e+01  3.104249449971038e-11  2.760264294979132e-12  3.182816258796974e-11  2.818832340720190e-12  -7.022677263124566e-12  -5.695926300767346e-13  -2.525088984106988e-06  3.003264050865715e-06  1.437038600734330e-11  1.295245184061239e-12
1.505000247499994e+01  2.844352907632877e-11  2.505505854905586e-12  2.916206445366548e-11  2.558599992679650e-12  -6.428710525629710e-12  -5.167110683494574e-13  -2.058513448235607e-06  2.465141805298431e-06  1.314899534033090e-11  1.174476681043307e-12
1.510000244999993e+01  2.606373400911621e-11  2.274395376845270e-12  2.672091104316157e-11  2.322530343680116e-12  -5.885326849511590e-12  -4.687679548644334e-13  -1.546188824964477e-06  1.871765643162701e-06  1.203215119486131e-11  1.065037762989055e-12
1.515000242499993e+01  2.388449813756366e-11  2.064724926826197e-12  2.448559081146269e-11  2.108366734768458e-12  -5.388187613950120e-12  -4.252992469393666e-13  -1.001856985421050e-06  1.239079236333748e-06  1.101083730354294e-11  9.658586903141992e-13
1.520000239999993e+01  2.188880234945205e-11  1.874493984165724e-12  2.243862796787315e-11  1.914064564992890e-12  -4.933329162989833e-12  -3.858847904688435e-13  -4.398705503160810e-07  5.837947857787109e-07  1.007682120541618e-11  8.759714177111973e-13
1.525000237499993e+01  2.006108232353229e-11  1.701889831079937e-12  2.056404136901530e-11  1.737771234976374e-12  -4.517130137466281e-12  -3.501441404482064e-13  1.251805345438603e-07  -7.704275808624432e-08  9.222585528997879e-12  7.944998571536718e-13
1.530000234999993e+01  1.838710320450576e-11  1.545269809023031e-12  1.884721568625438e-11  1.577808000387084e-12  -4.136281677436858e-12  -3.177327823867678e-13  6.788428861079429e-07  -7.264935422975290e-07  8.441265353958826e-12  7.206510802434043e-13
1.535000232499993e+01  1.685384516380940e-11  1.403145262789483e-12  1.727478377034555e-11  1.432653552126830e-12  -3.787760240604317e-12  -2.883387158649965e-13  1.207164581388236e-06  -1.348151622168609e-06  7.726591108618316e-12  6.537073685603743e-13
1.540000229999993e+01  1.544939889234846e-11  1.274167010698777e-12  1.583451923153795e-11  1.300929157759798e-12  -3.468802805003122e-12  -2.616793652649279e-13  1.697041976977081e-06  -1.926554022564047e-06  7.072836509397716e-12  5.930190296319975e-13
1.545000227499993e+01  1.416287015567737e-11  1.157112194786364e-12  1.451523834025386e-11  1.181385214681205e-12  -3.176884244940853e-12  -2.374987861068444e-13  2.136539953290262e-06  -2.447559990148888e-06  6.474771092871367e-12  5.379979042076769e-13
1.550000224999993e+01  1.298429261895267e-11  1.050872379010733e-12  1.330671043257955e-11  1.072889079948000e-12  -2.909696688037336e-12  -2.155651384950143e-13  2.515177880934188e-06  -2.898691274817387e-06  5.927616931498369e-12  4.881114977972870e-13
1.555000222499993e+01  1.190454821895256e-11  9.544427762037587e-13  1.219957607685972e-11  9.744140547140062e-13  -2.665130678353877e-12  -1.956684019440285e-13  2.824174583424021e-06  -3.269425394002052e-06  5.427009160885123e-12  4.428776759869757e-13
1.560000219999992e+01  1.091529442419137e-11  8.669124959739629e-13  1.118527232331634e-11  8.850294129673250e-13  -2.441257986209039e-12  -1.776183083548003e-13  3.056646702385703e-06  -3.551435135579471e-06  4.968959979855796e-12  4.018598689539616e-13
1.565000217499992e+01  1.000889778221654e-11  7.874557161408786e-13  1.025596441839445e-11  8.038913748824140e-13  -2.236315919476381e-12  -1.612424721624028e-13  3.207756127436658e-06  -3.738769008377056e-06  4.549825815001717e-12  3.646627359283720e-13
1.570000214999992e+01  9.178373206071104e-12  7.153236896422325e-13  9.404483419997713e-12  7.302349346844437e-13  -2.048693004081549e-12  -1.463846987107200e-13  3.274803500016286e-06  -3.827968915015692e-06  4.166277369018724e-12  3.309282451522340e-13
1.575000212499992e+01  8.417328500099353e-12  6.498375073124502e-13  8.624269199394508e-12  6.633664615801349e-13  -1.876915913176917e-12  -1.329034537431242e-13  3.257266203339701e-06  -3.818122959210703e-06  3.815272297277560e-12  3.003321292156741e-13
1.580000209999992e+01  7.719913669189684e-12  5.903815445694127e-13  7.909318360785693e-12  6.026570001278292e-13  -1.719637535177106e-12  -1.206704785536089e-13  3.156780673307372e-06  -3.710852966464704e-06  3.494030279934961e-12  2.725806795550819e-13
1.585000207499992e+01  7.080774595570185e-12  5.363975269463979e-13  7.254136650722453e-12  5.475362034819100e-13  -1.575626080583855e-12  -1.095695368366301e-13  2.977070271773440e-06  -3.510237950965062e-06  3.200010277689308e-12  2.474078474193985e-13
1.590000204999992e+01  6.495010703748111e-12  4.873791556395941e-13  6.653695467108380e-12  4.974868393265434e-13  -1.443755136400887e-12  -9.949528062220612e-14  2.723821318769819e-06  -3.222676361184994e-06  2.930889778204022e-12  2.245726217869465e-13
1.595000202499992e+01  5.958136267430893e-12  4.428672398733947e-13  6.103392111739033e-12  4.520398140775338e-13  -1.322994585017483e-12  -9.035222389989320e-14  2.404511151009524e-06  -2.856691442606576e-06  2.684545857435364e-12  2.038566575803190e-13
1.600000199999992e+01  5.466045042573165e-12  4.024452879744054e-13  5.599013461523876e-12  4.107696661388481e-13  -1.212402311795371e-12  -8.205381363396273e-14  2.028193229336217e-06  -2.422685431659936e-06  2.459037895764159e-12  1.850621301115939e-13
1.605000197499992e+01  5.014977938322991e-12  3.657355136434599e-13  5.136702761969001e-12  3.732904837060896e-13  -1.111116632292319e-12  -7.452158886407198e-14  1.605245330537197e-06  -1.932649507592313e-06  2.252591803084405e-12  1.680097940221919e-13
1.610000194999991e+01  4.601493462830867e-12  3.323952180706041e-13  4.712929272421606e-12  3.392522068617023e-13  -1.018349376156868e-12  -6.768441948138711e-14  1.147087705540746e-06  -1.399837450323702e-06  2.063585619973786e-12  1.525372270859529e-13
1.615000192499992e+01  4.222440703853630e-12  3.021135122938828e-13  4.324460516211797e-12  3.083372775499097e-13  -9.333795702857722e-13  -6.147781707891637e-14  6.658787475207412e-07  -8.384117593445136e-07  1.890536373878535e-12  1.384972411429184e-13
1.620000189999991e+01  3.874934625030577e-12  2.746083475976213e-13  3.968336910378648e-12  2.802576044930671e-13  -8.555476688978660e-13  -5.584331100523469e-14  1.741961759129721e-07  -2.630715640684788e-07  1.732088079992892e-12  1.257564441450822e-13
1.625000187499991e+01  3.556333477810409e-12  2.496238248146918e-13  3.641848569320187e-12  2.547518132509951e-13  -7.842502827898410e-13  -5.072788341048060e-14  -3.152880032002907e-07  3.113280116428945e-07  1.587000786298158e-12  1.141939388422116e-13
1.630000184999991e+01  3.264218146429182e-12  2.269277561715415e-13  3.342514094630491e-12  2.315827544633217e-13  -7.189353642411324e-13  -4.608345766938995e-14  -7.901304568828022e-07  8.701552837109200e-07  1.454140571135126e-12  1.037001450321198e-13
1.635000182499991e+01  2.996373259230069e-12  2.063094558230172e-13  3.068061179734602e-12  2.105352458810103e-13  -6.590978078637168e-13  -4.186643510441596e-14  -1.238429268552539e-06  1.399370656306775e-06  1.332470409795258e-12  9.417573356030831e-14
1.640000179999991e+01  2.750769914111656e-12  1.875777374919366e-13  2.816408872843609e-12  1.914140261134282e-13  -6.042754311814575e-13  -3.803727541828546e-14  -1.649118697082199e-06  1.885875301819181e-06  1.221041834002986e-12  8.553066139193913e-14
1.645000177499991e+01  2.525549879115714e-12  1.705590996791470e-13  2.585651355355103e-12  1.740419001152644e-13  -5.540453019031914e-13  -3.456011668471634e-14  -2.012238744128389e-06  2.317831317541426e-06  1.118987314889100e-12  7.768329810670557e-14
1.650000174999991e+01  2.319011141230928e-12  1.550960807643934e-13  2.374043105234294e-12  1.582580583347687e-13  -5.080203817516771e-13  -3.140243114303207e-14  -2.319173055738565e-06  2.684945639399260e-06  1.025513306182426e-12  7.055963509509687e-14
1.655000172499991e+01  2.129594687498159e-12  1.410457679956253e-13  2.179985326234048e-12  1.439165531605283e-13  -4.658464593520333e-13  -2.853471340117583e-14  -2.562849571104579e-06  2.978711011554909e-06  9.398938899286634e-13  6.409256957257531e-14
1.660000169999991e+01  1.955872412548827e-12  1.282784458814463e-13  2.002013534143769e-12  1.308849178557779e-13  -4.271993470912216e-13  -2.593019797585752e-14  -2.737899346921580e-06  3.192598484677366e-06  8.614649721298506e-13  5.822125628507304e-14
1.665000167499991e+01  1.796536055876067e-12  1.166763708736937e-13  1.838786200685366e-12  1.190429145728621e-13  -3.917823190553991e-13  -2.356460339161481e-14  -2.840770102829864e-06  3.322197213304211e-06  7.896189803302587e-13  5.289052046288410e-14
1.670000164999990e+01  1.650387080505621e-12  1.061326604685234e-13  1.689074364278817e-12  1.082813993101561e-13  -3.593237691534564e-13  -2.141590032545428e-14  -2.869792222561943e-06  3.365298709885031e-06  7.238000193955023e-13  4.805032619762940e-14
1.675000162499990e+01  1.516327412370803e-12  9.655028597746223e-14  1.551752124753091e-12  9.850129282239233e-14  -3.295750703600777e-13  -1.946410152318809e-14  -2.825196175651094e-06  3.321924153635680e-06  6.634994455776886e-13  4.365529497491891e-14
1.680000159999990e+01  1.393350966667330e-12  8.784115923601151e-14  1.425787946246243e-12  8.961264753455177e-14  -3.023086176758905e-13  -1.769107143005675e-14  -2.709081564565760e-06  3.194294809259407e-06  6.082518224645384e-13  3.966426959945972e-14
1.685000157499990e+01  1.280535893828107e-12  7.992530443681333e-14  1.310236699081929e-12  8.153380144975356e-14  -2.773160389200087e-13  -1.608035367394908e-14  -2.525339220536740e-06  2.986747047149092e-06  5.576312256048811e-13  3.603991920487019e-14
1.690000154999990e+01  1.177037483568376e-12  7.273010710638573e-14  1.204232377383110e-12  7.419061089241099e-14  -2.544065588545211e-13  -1.461701471650178e-14  -2.279528937714348e-06  2.705594836800247e-06  5.112478655145698e-13  3.274838145209918e-14
1.695000152499990e+01  1.082081670756763e-12  6.618963299736666e-14  1.106981434637546e-12  6.751575469787291e-14  -2.334055034031004e-13  -1.328750214739241e-14  -1.978716521180935e-06  2.358943875001218e-06  4.687450014210698e-13  2.975893839236761e-14
1.700000149999990e+01  9.949590917118988e-13  6.024401034964313e-14  1.017756684409276e-12  6.144810315658356e-14  -2.141529318776482e-13  -1.207951624186336e-14  -1.631274803237912e-06  1.956462678498720e-06  4.297961205245768e-13  2.704372280678364e-14
1.705000147499990e+01  9.150196439478746e-13  5.483886959052288e-14  9.358917179374075e-13  5.593214565146929e-14  -1.965023861776227e-13  -1.098189353240731e-14  -1.246654131300107e-06  1.509116989477973e-06  3.941023597594775e-13  2.457745213871373e-14
1.710000144999990e+01  8.416675064316983e-13  4.992483510239768e-14  8.607757945159471e-13  5.091747149810972e-14  -1.803197468853021e-13  -9.984501263935770e-15  -8.351285298133964e-07  1.028874687659270e-06  3.613901490514253e-13  2.233718740973592e-14
1.715000142499990e+01  7.743565811056116e-13  4.545706419174575e-14  7.918491643406892e-13  4.635829901399678e-14  -1.654821870549027e-13  -9.078141708846413e-15  -4.075242723988032e-07  5.283890559064066e-07  3.314090568993961e-13  2.030211475838547e-14
1.720000139999989e+01  7.125863197973192e-13  4.139482885086003e-14  7.285987869728728e-13  4.221304831098289e-14  -1.518772152915926e-13  -8.254465415285766e-15  2.506204263173496e-08  2.066869310978945e-08  3.039298207847145e-13  1.845334746547887e-14
1.725000137499989e+01  6.558979037197232e-13  3.770113631793979e-14  6.705544117331002e-13  3.844395372854138e-14  -1.394018004447736e-13  -7.505892549553909e-15  4.515486464570358e-07  -4.812573999356493e-07  2.787425464345315e-13  1.677374653286128e-14
1.730000134999990e+01  6.038707455740930e-13  3.434238481626364e-14  6.172849892290684e-13  3.501671220892574e-14  -1.279615709047104e-13  -6.825541572901682e-15  8.611497285791605e-07  -9.646710220552049e-07  2.556550613586187e-13  1.524775806604964e-14
1.735000132499989e+01  5.561192868399902e-13  3.128805119280231e-14  5.683953858609049e-13  3.190016426253202e-14  -1.174700820982582e-13  -6.207164564729391e-15  1.243645479650272e-06  -1.417483922735701e-06  2.344914093474630e-13  1.386126587730487e-14
1.740000129999989e+01  5.122900651828357e-13  2.851040748420058e-14  5.235233755600813e-13  2.906600448619192e-14  -1.078481463332022e-13  -5.645088569132061e-15  1.589634357724474e-06  -1.828536974304545e-06  2.150904737775238e-13  1.260145787586012e-14
1.745000127499989e+01  4.720590290550519e-13  2.598426371660687e-14  4.823368852218539e-13  2.648851888186896e-14  -9.902321964620987e-14  -5.134162400502496e-15  1.890761421303837e-06  -2.187872041380091e-06  1.973047186257498e-13  1.145670494788198e-14
1.750000124999989e+01  4.351290785269292e-13  2.368673449811283e-14  4.445314723051169e-13  2.414434648111676e-14  -9.092884077086843e-14  -4.669708397090758e-15  2.139917255026232e-06  -2.486970005370046e-06  1.809990370592112e-13  1.041645115162658e-14
1.755000122499989e+01  4.012278131746926e-13  2.159702719107700e-14  4.098280149139117e-13  2.201226301423755e-14  -8.350411776358862e-14  -4.247478659559733e-15  2.331402825680671e-06  -2.718949338867056e-06  1.660496983451287e-13  9.471114164424417e-15
1.760000119999989e+01  3.701054694904758e-13  1.969624965859957e-14  3.779705963567538e-13  2.007298457465487e-14  -7.669325820982868e-14  -3.863615355153532e-15  2.461056525470630e-06  -2.878720691598213e-06  1.523433846290275e-13  8.611995018703407e-15
1.765000117499989e+01  3.415330317753288e-13  1.796723576693090e-14  3.487245677171552e-13  1.830898942067597e-14  -7.044513928434162e-14  -3.514614707544209e-15  2.526340661487149e-06  -2.963094117793914e-06  1.397763098611343e-13  7.831196255261480e-15
1.770000114999988e+01  3.153005018442344e-13  1.639438699547714e-14  3.218747733737630e-13  1.670435623045007e-14  -6.471291425989894e-14  -3.197294328136156e-15  2.526385709050695e-06  -2.970836813574220e-06  1.282534138195403e-13  7.121547704345023e-15
1.775000112499989e+01  2.912153141225390e-13  1.496352865998309e-14  2.972239256929118e-13  1.524461728323807e-14  -5.945365235186506e-14  -2.908763576942648e-15  2.461991734500307e-06  -2.902680510354268e-06  1.176876247887672e-13  6.476539179604911e-15
1.780000109999989e+01  2.691008838563511e-13  1.366177939393374e-14  2.745911162905106e-13  1.391662518264054e-14  -5.462800905352130e-14  -2.646396670427056e-15  2.335587482389622e-06  -2.761278953460982e-06  1.079991850092946e-13  5.890259437439106e-15
1.785000107499988e+01  2.487952772046371e-13  1.247743265958914e-14  2.538104523336156e-13  1.270843186658108e-14  -5.019992436138534e-14  -2.407808280213103e-15  2.151148685542744e-06  -2.551117151920160e-06  9.911503352203604e-14  5.357340815267284e-15
1.790000104999988e+01  2.301499929363945e-13  1.139984917458738e-14  2.347298073334871e-13  1.160917876587580e-14  -4.613634651296294e-14  -2.190831390577174e-15  1.914078167367482e-06  -2.278375284123174e-06  9.096824149592741e-14  4.872909017529017e-15
1.795000102499988e+01  2.130288463301607e-13  1.041935924383768e-14  2.172096767793444e-13  1.060899707928149e-14  -4.240697906325135e-14  -1.993497204379115e-15  1.631051239754017e-06  -1.950751255712329e-06  8.349749555060945e-14  4.432537568206408e-15
1.800000099999988e+01  1.973069466722735e-13  9.527174080491267e-15  2.011221297826674e-13  9.698917229038923e-15  -3.898404931256684e-14  -1.814016906780993e-15  1.309830733683544e-06  -1.577246902944821e-06  7.664662497319191e-14  4.032206493945731e-15
1.805000097499988e+01  1.828697604811740e-13  8.715305285038727e-15  1.863498486523878e-13  8.870786648052212e-15  -3.584209626843042e-14  -1.650765113940680e-15  9.590567142162860e-07  -1.167923693974884e-06  7.036416908149352e-14  3.668264842840287e-15
1.810000094999988e+01  1.696122532535457e-13  7.976491728868344e-15  1.727852490077086e-13  8.117195128817456e-15  -3.295777647971324e-14  -1.502264850024652e-15  5.880165096772186e-07  -7.336344813778573e-07  6.460298130891246e-14  3.337396681048340e-15
1.815000092499988e+01  1.574381031395640e-13  7.304133158681589e-15  1.603296736631158e-13  7.431407035802167e-15  -3.030968622329535e-14  -1.367173910521258e-15  2.064011140853307e-07  -2.857383862934795e-07  5.931986688087275e-14  3.036590243024446e-15
1.820000089999988e+01  1.462589805139133e-13  6.692229901678551e-15  1.488926540944526e-13  6.807299747876015e-15  -2.787819865329168e-14  -1.244272483095816e-15  -1.759457069944041e-07  1.641937634076996e-07  5.447525122206284e-14  2.763109941572897e-15
1.825000087499988e+01  1.359938879210009e-13  6.135328109014111e-15  1.383912338203168e-13  6.239307756232806e-15  -2.564531464151188e-14  -1.132451909242579e-15  -5.492791688929502e-07  6.046758680523839e-07  5.003287647966144e-14  2.514470971491377e-15
1.830000084999988e+01  1.265685553410415e-13  5.628470027241550e-15  1.287493485137308e-13  5.722371896592633e-15  -2.359452614621434e-14  -1.030704480873474e-15  -9.041996958698723e-07  1.024597333829872e-06  4.595952377246645e-14  2.288416265533465e-15
1.835000082499987e+01  1.179148861521583e-13  5.167148834808746e-15  1.198972580988649e-13  5.251893242847832e-15  -2.171069104527557e-14  -9.381141758464249e-16  -1.231887458098420e-06  1.413500894994228e-06  4.222475898116309e-14  2.082895584026960e-15
1.840000079999987e+01  1.099704495557604e-13  4.747267623610608e-15  1.117710264900853e-13  4.823691233184146e-15  -1.997991846043011e-14  -8.538482453732742e-16  -1.524319420010653e-06  1.761840596204090e-06  3.880070008257967e-14  1.896046539965362e-15
1.845000077499987e+01  1.026780155913359e-13  4.365102144543126e-15  1.043120449989513e-13  4.433965639491833e-15  -1.838946368198227e-14  -7.771495743462197e-16  -1.774463613408918e-06  2.061213633310474e-06  3.566180420221885e-14  1.726177379943053e-15
1.850000074999987e+01  9.598512919530022e-14  4.017266971324541e-15  9.746659577194985e-14  4.079262026964034e-15  -1.692763187901975e-14  -7.073297429612209e-16  -1.976445987123364e-06  2.304560486029440e-06  3.278467271604556e-14  1.571751358114360e-15
1.855000072499987e+01  8.984372005927238e-14  3.700684768887305e-15  9.118545193038846e-14  3.756440383508419e-15  -1.558368984928613e-14  -6.437627246685239e-16  -2.125685933123518e-06  2.486328642990497e-06  3.014787287572542e-14  1.431372555587545e-15
1.860000069999987e+01  8.420974531849906e-14  3.412558381707812e-15  8.542351136644834e-14  3.462646628287080e-15  -1.434778512605322e-14  -5.858791615089963e-16  -2.218997426748696e-06  2.602596195377250e-06  2.773177456242204e-14  1.303773011466274e-15
1.865000067499987e+01  7.904286235329206e-14  3.150345483808598e-15  8.013946140814011e-14  3.195286735634234e-15  -1.321087181708823e-14  -5.331611633589164e-16  -2.254653623980118e-06  2.651152633764548e-06  2.551840089395224e-14  1.187801044259153e-15
1.870000064999987e+01  7.430612921727723e-14  2.911735556091708e-15  7.529547180287425e-14  2.952003235038889e-15  -1.216464260360008e-14  -4.851375825582526e-16  -2.232413707719401e-06  2.631535296278450e-06  2.349129151953160e-14  1.082410653714216e-15
1.875000062499987e+01  6.996573041780059e-14  2.694628978371511e-15  7.085691368641735e-14  2.730653870054659e-15  -1.120146637530099e-14  -4.413797198862668e-16  -2.153511743565620e-06  2.545021056017788e-06  2.163537753641756e-14  9.866519034112338e-16
1.880000059999987e+01  6.599072596766368e-14  2.497118043177192e-15  6.679210240287125e-14  2.529292219122776e-15  -1.031433102182249e-14  -4.014974219169381e-16  -2.020608268862400e-06  2.394573972838654e-06  1.993686705428633e-14  8.996621937601200e-16
1.885000057499986e+01  6.235282180499103e-14  2.317469716277981e-15  6.307206222354990e-14  2.346150099559428e-15  -9.496790941034112e-15  -3.651355334745582e-16  -1.837706272594365e-06  2.184750740351842e-06  1.838314051690612e-14  8.206583434998812e-16
1.890000054999987e+01  5.902615984086291e-14  2.154109985117595e-15  5.967031117966970e-14  2.179621592538753e-15  -8.742918861652956e-15  -3.319706722524740e-16  -1.610034104945756e-06  1.921566805841695e-06  1.696265496727036e-14  7.489294054512999e-16
1.895000052499987e+01  5.598712604365410e-14  2.005609651083252e-15  5.656266437692875e-14  2.028248541955851e-15  -8.047261611198177e-15  -3.017082956876249e-16  -1.343898662215466e-06  1.612327003052126e-06  1.566485651245295e-14  6.838301492223779e-16
1.900000049999986e+01  5.321417510597063e-14  1.870671434918724e-15  5.372705430052260e-14  1.890707393723371e-15  -7.404799491107233e-15  -2.740800329293704e-16  -1.046512905991169e-06  1.265425392006762e-06  1.448010030860813e-14  6.247751498660690e-16
1.905000047499986e+01  5.068767036574291e-14  1.748118276747222e-15  5.114336674803195e-14  1.765797254470002e-15  -6.810908948936251e-15  -2.488412572295914e-16  -7.258023779831864e-07  8.901197260026106e-07  1.339957744527714e-14  5.712334272057589e-16
1.910000044999986e+01  4.838973776839486e-14  1.636882723213674e-15  4.879329114592695e-14  1.652429059887459e-15  -6.261328263240820e-15  -2.257688763360611e-16  -3.901958498632640e-07  4.962865467028586e-07  1.241524816195718e-14  5.227235857308385e-16
1.915000042499986e+01  4.630413276296077e-14  1.535997304291528e-15  4.666018411408037e-14  1.549615753220868e-15  -5.752125980180632e-15  -2.046593205142836e-16  -4.840559008886894e-08  9.416333082888781e-08  1.151978087916711e-14  4.788094096725447e-16
1.920000039999986e+01  4.441611912238924e-14  1.444585811421394e-15  4.472894524251949e-14  1.456463383712767e-15  -5.279671862299649e-15  -1.853267096739811e-16  2.907970698542420e-07  -3.059156324827592e-07  1.070649657140142e-14  4.390958721444984e-16
1.925000037499986e+01  4.271235876780991e-14  1.361855396943708e-15  4.298590413644148e-14  1.372163043281057e-15  -4.840610129473495e-15  -1.676011827529170e-16  6.188051328838522e-07  -6.937828707927768e-07  9.969318050765629e-15  4.032255211140213e-16
1.930000034999986e+01  4.118081175893447e-14  1.287089422333169e-15  4.141871786998403e-14  1.295983567416055e-15  -4.431834789843646e-15  -1.513273740288173e-16  9.273926513854321e-07  -1.059694189008077e-06  9.302723768058134e-15  3.708752084969621e-16
1.935000032499986e+01  3.981064568865736e-14  1.219640989609930e-15  4.001627806703202e-14  1.227264933293614e-15  -4.050466874815983e-15  -1.363630224043259e-16  1.208919346419011e-06  -1.394571542392163e-06  8.701705772912458e-15  3.417531318739812e-16
1.940000029999986e+01  3.859215378989160e-14  1.158927096555852e-15  3.876862689905017e-14  1.165412294486069e-15  -3.693833407018930e-15  -1.225777009533400e-16  1.456518084224145e-06  -1.690226317873872e-06  8.161731506613220e-15  3.155961612408588e-16
1.945000027499986e+01  3.751668112726277e-14  1.104423362062085e-15  3.766688135611279e-14  1.109890597470267e-15  -3.359447943612063e-15  -1.098516551415953e-16  1.664260653220244e-06  -1.939557581883399e-06  7.678709130605631e-15  2.921674258572658e-16
1.950000024999985e+01  3.657655830597920e-14  1.055659273130113e-15  3.670316520845857e-14  1.060219730436576e-15  -3.044992549617165e-15  -9.807473915076113e-17  1.827297884378252e-06  -2.136720546587852e-06  7.248956120764134e-15  2.712541386728138e-16
1.955000022499985e+01  3.576504218545363e-14  1.012213909790599e-15  3.587054813249947e-14  1.015970159743993e-15  -2.748301067108341e-15  -8.714544065325894e-17  1.941970850835223e-06  -2.277261312423694e-06  6.869170882381581e-15  2.526656380091212e-16
1.960000019999985e+01  3.507626313649180e-14  9.737121085370859e-16  3.516299152768521e-14  9.767590137894520e-16  -2.467343556235144e-15  -7.696998521330607e-17  2.005890650375388e-06  -2.358214841669741e-06  6.536407163786549e-15  2.362316281829228e-16
1.965000017499985e+01  3.450517842846998e-14  9.398210288349453e-16  3.457530059936651e-14  9.422465781051308e-16  -2.200211793243485e-15  -6.746151223622829e-17  2.017985096780661e-06  -2.378164081810252e-06  6.248051067668622e-15  2.218006025870036e-16
1.970000014999985e+01  3.404753137725754e-14  9.102470908967454e-16  3.410308232817807e-14  9.121331692034660e-16  -1.945105718977367e-15  -5.853931506000208e-17  1.978511501615179e-06  -2.337259163566776e-06  6.001800478756996e-15  2.092384344201596e-16
1.975000012499985e+01  3.369981592603033e-14  8.847332562467639e-16  3.374270898881414e-14  8.861563580899642e-16  -1.700320738856435e-15  -5.012813838672566e-17  1.889035594905698e-06  -2.237196620811523e-06  5.795646744609951e-15  1.984271217903253e-16
1.980000009999985e+01  3.345924636987526e-14  8.630566256604914e-16  3.349128692071158e-14  8.640885174899509e-16  -1.464235782090808e-15  -4.215752679304714e-17  1.752377489313185e-06  -2.081159592185933e-06  5.627858463068889e-15  1.892636753208229e-16
1.985000007499985e+01  3.332373197149177e-14  8.450263318875779e-16  3.334663029038088e-14  8.457346697158106e-16  -1.235302033969940e-15  -3.456121854270442e-17  1.572526416333361e-06  -1.873720941626635e-06  5.496967245542861e-15  1.816591376815110e-16
1.990000004999985e+01  3.329185624961730e-14  8.304817071746118e-16  3.330723962020628e-14  8.309306147623599e-16  -1.012032260495835e-15  -2.727657935590956e-17  1.354526734384764e-06  -1.620712152860485e-06  5.401755339836465e-15  1.755377256565082e-16
1.995000002499985e+01  3.336286075429321e-14  8.192907080210013e-16  3.337228489172970e-14  8.195413206838534e-16  -7.929906494669433e-16  -2.024407117351129e-17  1.104338408349830e-06  -1.329061688729585e-06  5.341245009826847e-15  1.708360864591516e-16
1.999999999999984e+01  3.353663317397697e-14  8.113485818489088e-16  3.354159306297622e-14  8.114595605990959e-16  -5.767830963973109e-16  -1.340675129240954e-17  8.286757714808361e-07  -1.006607239703788e-06  5.333093642287009e-15  1.692572385825368e-16
